labels,x_dist,y_dist,prob_numb,punct,num_chars,filename
0,-0.133,-0.18990384,0.5054196,1.0,0.2,RC624_0442.23-0448.15_m_WET_cropped.png
0,-0.118,-0.20552884,0.4968969,0.0,0.2,RC624_0442.23-0448.15_m_WET_cropped.png
0,-0.1075,-0.010516827,0.50130117,0.0,0.2,RC624_0442.23-0448.15_m_WET_cropped.png
0,-0.019,0.27103364,0.20217966,0.0,0.5,RC624_0442.23-0448.15_m_WET_cropped.png
0,0.00475,-0.38371393,0.053889286,0.0,0.7,RC624_0442.23-0448.15_m_WET_cropped.png
0,0.02825,-0.14903846,0.24669164,0.0,0.9,RC624_0442.23-0448.15_m_WET_cropped.png
0,0.0,0.0,0.046327785,0.0,0.5,RC624_0442.23-0448.15_m_WET_cropped.png
0,0.018,0.34945914,0.0002481293,0.0,0.3,RC624_0442.23-0448.15_m_WET_cropped.png
0,0.06175,-0.30438703,0.5613011,0.0,0.5,RC624_0442.23-0448.15_m_WET_cropped.png
1,0.111,0.09405048,0.25306743,1.0,0.5,RC624_0442.23-0448.15_m_WET_cropped.png
0,0.0915,0.47866586,0.49958566,0.0,0.2,RC624_0442.23-0448.15_m_WET_cropped.png
0,0.13225,-0.0060096155,0.00022073409,0.0,0.3,RC624_0442.23-0448.15_m_WET_cropped.png
0,0.11725,-0.38852164,0.48813513,0.0,0.2,RC624_0442.23-0448.15_m_WET_cropped.png
0,-0.20675,-0.3846154,0.51701677,0.0,0.8,RC624_0442.23-0448.15_m_WET_cropped.png
0,0.206,-0.15204327,0.1163181,0.0,0.3,RC624_0442.23-0448.15_m_WET_cropped.png
0,-0.21325,-0.005108173,0.00017014128,0.0,0.3,RC624_0442.23-0448.15_m_WET_cropped.png
0,-0.1455,0.47926682,0.38376096,0.0,0.2,RC624_0442.23-0448.15_m_WET_cropped.png
0,0.0125,-0.18960336,0.21301776,0.0,0.7,RC624_0442.23-0448.15_m_WET_cropped.png
0,0.00075,0.27584136,0.068395525,0.0,0.6,RC624_0442.23-0448.15_m_WET_cropped.png
0,0.0,0.0,0.011647485,0.0,0.5,RC624_0442.23-0448.15_m_WET_cropped.png
0,-0.00175,-0.37770432,0.1336079,0.0,0.4,RC624_0442.23-0448.15_m_WET_cropped.png
0,-0.0215,0.3608774,0.29197165,0.0,0.2,RC624_0442.23-0448.15_m_WET_cropped.png
0,0.05025,-0.111478366,0.6961846,0.0,0.6,RC624_0442.23-0448.15_m_WET_cropped.png
0,0.037,-0.2794471,0.0019713112,0.0,0.4,RC624_0442.23-0448.15_m_WET_cropped.png
1,-0.00225,0.09765625,0.58285666,1.0,0.5,RC624_0442.23-0448.15_m_WET_cropped.png
0,0.0275,0.35246393,0.026600037,0.0,0.6,RC624_0442.23-0448.15_m_WET_cropped.png
0,0.0,0.0,0.48187682,0.0,0.2,RC624_0442.23-0448.15_m_WET_cropped.png
0,0.06575,0.0015024039,4.6641828e-05,0.0,0.3,RC624_0442.23-0448.15_m_WET_cropped.png
0,0.14325,0.48527643,0.45266175,0.0,0.2,RC624_0442.23-0448.15_m_WET_cropped.png
0,0.29025,-0.4627404,0.4994776,0.0,0.2,RC624_0442.23-0448.15_m_WET_cropped.png
0,-0.0205,0.2721598,0.20015348,0.0,0.5,RC624_0571.86-0578.20_m_DRY_cropped.png
0,0.02925,-0.1488764,0.30461842,0.0,0.9,RC624_0571.86-0578.20_m_DRY_cropped.png
0,0.00625,-0.3823346,0.107356526,0.0,0.7,RC624_0571.86-0578.20_m_DRY_cropped.png
0,0.0,0.0,0.007849331,0.0,0.5,RC624_0571.86-0578.20_m_DRY_cropped.png
0,0.0235,0.3417603,0.008285338,0.0,0.3,RC624_0571.86-0578.20_m_DRY_cropped.png
0,0.06975,-0.31117353,0.6879016,0.0,0.5,RC624_0571.86-0578.20_m_DRY_cropped.png
0,0.04475,0.47971287,0.000851236,0.0,0.2,RC624_0571.86-0578.20_m_DRY_cropped.png
1,0.09725,0.086142324,0.58321637,1.0,0.5,RC624_0571.86-0578.20_m_DRY_cropped.png
0,0.1285,-0.008426966,0.00051212043,0.0,0.3,RC624_0571.86-0578.20_m_DRY_cropped.png
0,0.11475,-0.38982522,0.024524964,0.0,0.2,RC624_0571.86-0578.20_m_DRY_cropped.png
0,0.19675,-0.15667915,4.887703e-07,0.0,0.3,RC624_0571.86-0578.20_m_DRY_cropped.png
0,-0.19925,-0.38077402,0.50778866,0.0,0.8,RC624_0571.86-0578.20_m_DRY_cropped.png
0,0.216,0.47908863,0.3472147,0.0,0.2,RC624_0571.86-0578.20_m_DRY_cropped.png
0,-0.206,-0.0012484394,0.00045292868,0.0,0.3,RC624_0571.86-0578.20_m_DRY_cropped.png
0,-0.03125,0.335206,0.06699392,1.0,0.7,RC624_0571.86-0578.20_m_DRY_cropped.png
0,0.01175,-0.19069913,0.16266522,0.0,0.7,RC624_0571.86-0578.20_m_DRY_cropped.png
0,0.0,0.27652934,0.35733795,1.0,0.6,RC624_0571.86-0578.20_m_DRY_cropped.png
0,0.0,0.0,0.0063375905,0.0,0.5,RC624_0571.86-0578.20_m_DRY_cropped.png
0,-0.00475,-0.12484395,0.8497766,0.0,0.3,RC624_0571.86-0578.20_m_DRY_cropped.png
0,-0.0025,-0.3770287,0.23707189,0.0,0.4,RC624_0571.86-0578.20_m_DRY_cropped.png
0,0.0295,-0.30836454,0.14510058,0.0,0.4,RC624_0571.86-0578.20_m_DRY_cropped.png
1,-0.01725,0.101435706,0.2697497,1.0,0.5,RC624_0571.86-0578.20_m_DRY_cropped.png
0,0.03275,-0.119225964,0.366018,0.0,0.2,RC624_0571.86-0578.20_m_DRY_cropped.png
0,0.0,0.0,0.49351683,0.0,0.2,RC624_0571.86-0578.20_m_DRY_cropped.png
0,0.05475,-0.3258427,0.11607191,1.0,0.2,RC624_0571.86-0578.20_m_DRY_cropped.png
0,0.0645,0.0006242197,0.00029579288,0.0,0.3,RC624_0571.86-0578.20_m_DRY_cropped.png
0,0.07675,0.49219725,0.036203604,0.0,0.2,RC624_0571.86-0578.20_m_DRY_cropped.png
0,0.1245,-0.2977528,0.51181036,0.0,0.2,RC624_0571.86-0578.20_m_DRY_cropped.png
0,-0.0135,0.26862982,0.20651594,0.0,0.5,RC624_0571.86-0578.20_m_WET_cropped.png
0,-0.00425,-0.38070914,0.12672332,0.0,0.7,RC624_0571.86-0578.20_m_WET_cropped.png
0,0.02625,-0.14783654,0.3508228,0.0,0.9,RC624_0571.86-0578.20_m_WET_cropped.png
0,0.0,0.0,0.019430216,0.0,0.5,RC624_0571.86-0578.20_m_WET_cropped.png
0,0.06375,-0.30949518,0.5842111,0.0,0.5,RC624_0571.86-0578.20_m_WET_cropped.png
0,-0.19625,-0.13371395,0.006947522,0.0,0.3,RC624_0571.86-0578.20_m_WET_cropped.png
1,0.10225,0.085336536,0.5234871,1.0,0.5,RC624_0571.86-0578.20_m_WET_cropped.png
0,0.10775,-0.38852164,0.016315982,0.0,0.2,RC624_0571.86-0578.20_m_WET_cropped.png
0,0.1315,-0.008413462,1.5806045e-05,0.0,0.3,RC624_0571.86-0578.20_m_WET_cropped.png
0,0.199,-0.14993991,0.33323023,0.0,0.3,RC624_0571.86-0578.20_m_WET_cropped.png
0,0.22025,-0.38701922,0.6339813,0.0,0.8,RC624_0571.86-0578.20_m_WET_cropped.png
0,0.0,0.0,0.009237979,0.0,0.2,RC624_0571.86-0578.20_m_WET_cropped.png
0,0.22225,-0.009615385,0.003986039,0.0,0.3,RC624_0571.86-0578.20_m_WET_cropped.png
0,0.4405,-0.19801682,0.1610408,0.0,0.7,RC624_0571.86-0578.20_m_WET_cropped.png
0,0.42175,-0.38311297,0.21458933,0.0,0.4,RC624_0571.86-0578.20_m_WET_cropped.png
0,0.4125,-0.008713942,2.1890246e-06,0.0,0.3,RC624_0571.86-0578.20_m_WET_cropped.png
0,0.19625,0.0015024039,0.50000036,1.0,0.2,RC624_0571.86-0578.20_m_WET_cropped.png
0,0.20875,-0.20522836,0.20545764,0.0,0.6,RC624_0571.86-0578.20_m_WET_cropped.png
0,0.4255,-0.13221154,0.8868288,0.0,0.3,RC624_0571.86-0578.20_m_WET_cropped.png
0,0.45725,-0.31460336,0.24253884,0.0,0.4,RC624_0571.86-0578.20_m_WET_cropped.png
1,0.28975,-0.38371393,0.25717363,1.0,0.5,RC624_0571.86-0578.20_m_WET_cropped.png
0,0.46275,-0.012019231,0.026354471,1.0,0.2,RC624_0571.86-0578.20_m_WET_cropped.png
0,0.34075,-0.14332932,0.02525324,0.0,0.5,RC624_0571.86-0578.20_m_WET_cropped.png
0,0.566,-0.13100961,0.37511143,0.0,0.2,RC624_0571.86-0578.20_m_WET_cropped.png
0,0.3095,-0.48227164,0.9487177,0.0,0.2,RC624_0571.86-0578.20_m_WET_cropped.png
0,0.58475,-0.3374399,0.028019553,1.0,0.2,RC624_0571.86-0578.20_m_WET_cropped.png
0,0.37125,-0.48347357,0.00020872065,0.0,0.3,RC624_0571.86-0578.20_m_WET_cropped.png
0,0.65675,-0.30859375,0.50988424,0.0,0.2,RC624_0571.86-0578.20_m_WET_cropped.png
0,0.58075,0.0036057692,0.30409068,1.0,0.3,RC624_0571.86-0578.20_m_WET_cropped.png
0,-0.10425,0.1754386,0.4955402,0.0,0.2,RC624_0584.20-0590.20_m_WET_cropped.png
0,0.0205,-0.29678363,0.43095145,0.0,0.6,RC624_0584.20-0590.20_m_WET_cropped.png
0,-0.01875,0.27046785,0.19986704,0.0,0.5,RC624_0584.20-0590.20_m_WET_cropped.png
0,0.00075,-0.38157895,0.03986497,0.0,0.7,RC624_0584.20-0590.20_m_WET_cropped.png
0,0.02875,-0.14736842,0.3915195,0.0,0.9,RC624_0584.20-0590.20_m_WET_cropped.png
0,-0.0185,0.4730994,0.011420336,0.0,0.2,RC624_0584.20-0590.20_m_WET_cropped.png
0,0.0,0.0,0.0004970935,0.0,0.5,RC624_0584.20-0590.20_m_WET_cropped.png
0,0.0285,0.33918127,0.0007703516,0.0,0.3,RC624_0584.20-0590.20_m_WET_cropped.png
1,0.124,0.09122807,0.49816427,1.0,0.4,RC624_0584.20-0590.20_m_WET_cropped.png
0,0.13575,-0.006725146,5.0545697e-07,0.0,0.3,RC624_0584.20-0590.20_m_WET_cropped.png
0,0.116,-0.3880117,0.49517375,0.0,0.2,RC624_0584.20-0590.20_m_WET_cropped.png
0,0.2195,-0.15350877,1.3452184e-05,0.0,0.2,RC624_0584.20-0590.20_m_WET_cropped.png
0,-0.21475,-0.38099414,0.60286075,0.0,0.8,RC624_0584.20-0590.20_m_WET_cropped.png
0,-0.217,-0.001754386,0.00015419813,0.0,0.3,RC624_0584.20-0590.20_m_WET_cropped.png
0,0.01,-0.18976608,0.2704355,0.0,0.7,RC624_0584.20-0590.20_m_WET_cropped.png
0,0.00125,0.2739766,0.08410899,0.0,0.6,RC624_0584.20-0590.20_m_WET_cropped.png
0,0.0,0.0,0.00050149567,0.0,0.5,RC624_0584.20-0590.20_m_WET_cropped.png
0,-0.007,-0.3766082,0.21676257,0.0,0.4,RC624_0584.20-0590.20_m_WET_cropped.png
0,-0.0035,-0.12397661,0.83904034,0.0,0.3,RC624_0584.20-0590.20_m_WET_cropped.png
0,-0.04025,-0.3026316,0.3282365,1.0,0.6,RC624_0584.20-0590.20_m_WET_cropped.png
1,-0.0205,0.09678362,0.044160966,1.0,0.4,RC624_0584.20-0590.20_m_WET_cropped.png
0,0.03075,0.34327486,0.0576626,0.0,0.5,RC624_0584.20-0590.20_m_WET_cropped.png
0,0.03375,-0.11783626,0.36549798,0.0,0.3,RC624_0584.20-0590.20_m_WET_cropped.png
0,0.0,0.0,0.0017730559,0.0,0.2,RC624_0584.20-0590.20_m_WET_cropped.png
0,0.03575,0.48391813,0.19797489,0.0,0.2,RC624_0584.20-0590.20_m_WET_cropped.png
0,0.067,0.0011695906,0.26842043,0.0,0.3,RC624_0584.20-0590.20_m_WET_cropped.png
0,0.12775,-0.29590642,0.512893,0.0,0.2,RC624_0584.20-0590.20_m_WET_cropped.png
0,0.2665,0.4853801,0.19432981,1.0,0.4,RC624_0584.20-0590.20_m_WET_cropped.png
0,0.29625,-0.09385965,0.038885467,0.0,0.2,RC624_0584.20-0590.20_m_WET_cropped.png
0,0.16875,0.4674574,0.038441077,1.0,0.3,RC624_0876.15-0884.33_m_WET_cropped.png
0,-0.0185,0.27037713,0.21770069,0.0,0.5,RC624_0876.15-0884.33_m_WET_cropped.png
0,0.028,-0.14872263,0.2835787,0.0,0.9,RC624_0876.15-0884.33_m_WET_cropped.png
0,0.00375,-0.38716546,0.22386143,1.0,0.7,RC624_0876.15-0884.33_m_WET_cropped.png
0,0.0,0.0,0.008693356,0.0,0.5,RC624_0876.15-0884.33_m_WET_cropped.png
0,0.06075,-0.30930656,0.38941276,0.0,0.5,RC624_0876.15-0884.33_m_WET_cropped.png
0,0.0495,0.33515814,0.0040499587,0.0,0.3,RC624_0876.15-0884.33_m_WET_cropped.png
1,0.122,0.08667883,0.4001307,1.0,0.5,RC624_0876.15-0884.33_m_WET_cropped.png
0,0.12925,-0.0060827252,0.00050368777,0.0,0.3,RC624_0876.15-0884.33_m_WET_cropped.png
0,0.11525,-0.38777372,0.009737547,0.0,0.2,RC624_0876.15-0884.33_m_WET_cropped.png
0,0.192,-0.14993918,2.9953944e-05,0.0,0.3,RC624_0876.15-0884.33_m_WET_cropped.png
0,0.2255,-0.38381994,0.6247229,0.0,0.8,RC624_0876.15-0884.33_m_WET_cropped.png
0,0.219,-0.0042579076,0.08436517,0.0,0.3,RC624_0876.15-0884.33_m_WET_cropped.png
0,-0.10375,-0.114051096,0.65037054,0.0,0.3,RC624_0876.15-0884.33_m_WET_cropped.png
0,-0.09225,-0.18643552,0.20092578,0.0,0.7,RC624_0876.15-0884.33_m_WET_cropped.png
0,-0.00475,0.3397202,0.10885093,1.0,0.6,RC624_0876.15-0884.33_m_WET_cropped.png
0,-0.103,0.27950123,0.28366822,0.0,0.6,RC624_0876.15-0884.33_m_WET_cropped.png
0,-0.1035,0.0027372262,0.0017459425,0.0,0.5,RC624_0876.15-0884.33_m_WET_cropped.png
0,-0.06775,-0.30139902,0.0002484375,0.0,0.4,RC624_0876.15-0884.33_m_WET_cropped.png
0,-0.1065,-0.3759124,0.2512012,0.0,0.4,RC624_0876.15-0884.33_m_WET_cropped.png
1,-0.007,0.10097323,0.8736307,0.0,0.5,RC624_0876.15-0884.33_m_WET_cropped.png
0,0.0,0.0,0.49360842,0.0,0.2,RC624_0876.15-0884.33_m_WET_cropped.png
0,0.07175,-0.11283455,0.3226179,0.0,0.3,RC624_0876.15-0884.33_m_WET_cropped.png
0,0.06525,0.0033454988,0.10897432,0.0,0.3,RC624_0876.15-0884.33_m_WET_cropped.png
0,0.108,-0.30413625,0.5436143,0.0,0.3,RC624_0876.15-0884.33_m_WET_cropped.png
0,0.2015,-0.2910584,0.54925346,0.0,0.2,RC624_0876.15-0884.33_m_WET_cropped.png
0,0.28075,0.37682483,0.4759266,0.0,0.2,RC624_0876.15-0884.33_m_WET_cropped.png
0,0.27175,0.44951338,0.06476166,0.0,0.2,RC624_0876.15-0884.33_m_WET_cropped.png
0,0.2675,-0.17487834,0.26277605,1.0,0.2,RC624_0876.15-0884.33_m_WET_cropped.png
0,0.2685,-0.12956205,0.87794536,1.0,0.2,RC624_0876.15-0884.33_m_WET_cropped.png
0,-0.08625,-0.46932322,0.0012966552,0.0,0.2,RC624_1140.61-1149.08_m_DRY_cropped.png
0,-0.14175,-0.43137255,1.3070746e-07,0.0,0.2,RC624_1140.61-1149.08_m_DRY_cropped.png
0,-0.09275,0.14737508,0.33869606,1.0,0.3,RC624_1140.61-1149.08_m_DRY_cropped.png
0,-0.09325,0.12175838,0.5002724,1.0,0.2,RC624_1140.61-1149.08_m_DRY_cropped.png
0,-0.0935,0.26154333,0.4904501,0.0,0.2,RC624_1140.61-1149.08_m_DRY_cropped.png
0,-0.09275,0.16761543,0.47178322,0.0,0.2,RC624_1140.61-1149.08_m_DRY_cropped.png
0,-0.093,0.13029727,0.35009825,0.0,0.2,RC624_1140.61-1149.08_m_DRY_cropped.png
0,-0.077,0.48450348,0.16488835,0.0,0.2,RC624_1140.61-1149.08_m_DRY_cropped.png
0,-0.08875,0.119544595,0.057743713,0.0,0.2,RC624_1140.61-1149.08_m_DRY_cropped.png
0,-0.012,0.26691967,0.20002064,0.0,0.5,RC624_1140.61-1149.08_m_DRY_cropped.png
0,-0.00575,-0.38298544,0.14624058,0.0,0.7,RC624_1140.61-1149.08_m_DRY_cropped.png
0,0.023,-0.1486401,0.41931984,0.0,0.9,RC624_1140.61-1149.08_m_DRY_cropped.png
0,0.0,0.0,0.004935762,0.0,0.5,RC624_1140.61-1149.08_m_DRY_cropped.png
1,0.061,0.10246679,0.3786064,1.0,0.6,RC624_1140.61-1149.08_m_DRY_cropped.png
0,0.03,0.33459836,0.0001667205,1.0,0.2,RC624_1140.61-1149.08_m_DRY_cropped.png
0,-0.03475,-0.2836812,0.3581363,1.0,0.5,RC624_1140.61-1149.08_m_DRY_cropped.png
0,0.158,0.47122073,0.1876296,1.0,0.9,RC624_1140.61-1149.08_m_DRY_cropped.png
0,-0.02525,-0.38235295,0.054227218,0.0,0.2,RC624_1140.61-1149.08_m_DRY_cropped.png
0,0.0,0.0,0.2356251,0.0,0.4,RC624_1140.61-1149.08_m_DRY_cropped.png
0,0.0455,-0.09266287,6.737056e-07,0.0,0.3,RC624_1140.61-1149.08_m_DRY_cropped.png
0,0.08325,-0.3791904,0.5476632,0.0,0.8,RC624_1140.61-1149.08_m_DRY_cropped.png
0,0.087,0.0018975332,0.13652135,0.0,0.4,RC624_1140.61-1149.08_m_DRY_cropped.png
0,-0.1545,0.4452878,0.007005587,0.0,0.2,RC624_1140.61-1149.08_m_DRY_cropped.png
0,-0.09175,-0.18469323,0.1684306,1.0,0.7,RC624_1140.61-1149.08_m_DRY_cropped.png
0,-0.0595,-0.285895,0.3895328,0.0,0.5,RC624_1140.61-1149.08_m_DRY_cropped.png
0,-0.10975,-0.37254903,0.25892046,0.0,0.4,RC624_1140.61-1149.08_m_DRY_cropped.png
0,-0.096,-0.09424415,0.6672116,0.0,0.3,RC624_1140.61-1149.08_m_DRY_cropped.png
0,-0.0945,0.2738773,0.16743018,1.0,0.6,RC624_1140.61-1149.08_m_DRY_cropped.png
0,-0.1,0.0037950664,0.033489607,0.0,0.6,RC624_1140.61-1149.08_m_DRY_cropped.png
0,-0.12975,0.50126505,0.4987917,0.0,0.2,RC624_1140.61-1149.08_m_DRY_cropped.png
0,-0.12975,0.49652117,0.12593144,0.0,0.2,RC624_1140.61-1149.08_m_DRY_cropped.png
1,-0.0195,0.13345984,0.60484624,1.0,0.6,RC624_1140.61-1149.08_m_DRY_cropped.png
0,0.0065,0.34598356,0.022552902,1.0,0.7,RC624_1140.61-1149.08_m_DRY_cropped.png
0,0.0,0.0,0.0026421284,0.0,0.2,RC624_1140.61-1149.08_m_DRY_cropped.png
0,0.1385,0.44845036,0.14974613,1.0,0.6,RC624_1140.61-1149.08_m_DRY_cropped.png
0,0.06925,-0.100253,0.495355,0.0,0.3,RC624_1140.61-1149.08_m_DRY_cropped.png
0,0.062,0.00031625552,0.00017082364,0.0,0.4,RC624_1140.61-1149.08_m_DRY_cropped.png
0,0.14575,-0.28779253,0.25042847,0.0,0.4,RC624_1140.61-1149.08_m_DRY_cropped.png
0,0.1,0.49841872,0.49820164,0.0,0.2,RC624_1140.61-1149.08_m_DRY_cropped.png
0,0.29325,-0.2836812,0.16677761,1.0,0.2,RC624_1140.61-1149.08_m_DRY_cropped.png
0,0.3065,-0.19323213,0.04423782,1.0,0.2,RC624_1140.61-1149.08_m_DRY_cropped.png
0,0.30675,-0.3633776,0.38075575,1.0,0.2,RC624_1140.61-1149.08_m_DRY_cropped.png
0,0.30275,0.012966477,0.104268305,1.0,0.2,RC624_1140.61-1149.08_m_DRY_cropped.png
0,0.30575,-0.013915244,0.002021783,0.0,0.2,RC624_1140.61-1149.08_m_DRY_cropped.png
0,0.319,0.30075902,6.707741e-06,1.0,0.3,RC624_1140.61-1149.08_m_DRY_cropped.png
0,0.3195,-0.30328906,0.6488918,0.0,0.2,RC624_1140.61-1149.08_m_DRY_cropped.png
0,0.31825,-0.040480707,4.374839e-05,0.0,0.2,RC624_1140.61-1149.08_m_DRY_cropped.png
0,0.3205,0.23940544,0.0020938315,1.0,0.2,RC624_1140.61-1149.08_m_DRY_cropped.png
0,-0.14225,-0.49622643,0.6498969,0.0,0.3,RC624_1149.08-1157.40_m_DRY_cropped.png
0,-0.12225,-0.46289307,0.092186466,0.0,0.2,RC624_1149.08-1157.40_m_DRY_cropped.png
0,-0.074,0.41792452,0.25869796,1.0,0.4,RC624_1149.08-1157.40_m_DRY_cropped.png
0,-0.0065,-0.38018867,0.0017885787,0.0,0.7,RC624_1149.08-1157.40_m_DRY_cropped.png
0,-0.011,0.26981133,0.20079717,0.0,0.5,RC624_1149.08-1157.40_m_DRY_cropped.png
0,0.02275,-0.1481132,0.43211108,0.0,0.9,RC624_1149.08-1157.40_m_DRY_cropped.png
0,0.0,0.0,0.0006555811,0.0,0.5,RC624_1149.08-1157.40_m_DRY_cropped.png
1,-0.042,0.11572327,0.6688588,1.0,0.6,RC624_1149.08-1157.40_m_DRY_cropped.png
0,-0.03525,-0.28207546,0.4410376,0.0,0.5,RC624_1149.08-1157.40_m_DRY_cropped.png
0,0.03075,0.33867925,0.001265914,0.0,0.2,RC624_1149.08-1157.40_m_DRY_cropped.png
0,-0.026,-0.3798742,0.012682564,0.0,0.2,RC624_1149.08-1157.40_m_DRY_cropped.png
0,0.0,0.0,0.2419095,0.0,0.4,RC624_1149.08-1157.40_m_DRY_cropped.png
0,-0.01675,-0.46352202,0.00094890734,0.0,0.2,RC624_1149.08-1157.40_m_DRY_cropped.png
0,0.0235,-0.08647799,0.013079286,1.0,0.3,RC624_1149.08-1157.40_m_DRY_cropped.png
0,0.00725,-0.46981132,0.24644484,0.0,0.2,RC624_1149.08-1157.40_m_DRY_cropped.png
0,0.08,-0.3773585,0.7023845,0.0,0.8,RC624_1149.08-1157.40_m_DRY_cropped.png
0,0.07,0.4773585,0.00076305063,1.0,0.3,RC624_1149.08-1157.40_m_DRY_cropped.png
0,0.07275,0.4572327,0.2379258,1.0,0.3,RC624_1149.08-1157.40_m_DRY_cropped.png
0,0.08625,0.001572327,0.0007525038,0.0,0.3,RC624_1149.08-1157.40_m_DRY_cropped.png
0,-0.0925,-0.18396227,0.16332701,1.0,0.7,RC624_1149.08-1157.40_m_DRY_cropped.png
0,-0.062,-0.28396225,0.39692587,0.0,0.5,RC624_1149.08-1157.40_m_DRY_cropped.png
0,-0.10725,-0.091194965,0.5415913,0.0,0.3,RC624_1149.08-1157.40_m_DRY_cropped.png
0,-0.11225,-0.36949685,0.20718186,0.0,0.4,RC624_1149.08-1157.40_m_DRY_cropped.png
0,-0.09825,0.004402516,0.12012766,0.0,0.6,RC624_1149.08-1157.40_m_DRY_cropped.png
0,-0.0895,0.27704403,0.42700884,0.0,0.6,RC624_1149.08-1157.40_m_DRY_cropped.png
0,0.01175,0.35062894,0.010412104,1.0,0.6,RC624_1149.08-1157.40_m_DRY_cropped.png
1,-0.008,0.1172956,0.3687505,1.0,0.6,RC624_1149.08-1157.40_m_DRY_cropped.png
0,0.0,0.0,0.00094262674,0.0,0.2,RC624_1149.08-1157.40_m_DRY_cropped.png
0,0.0455,-0.099685535,0.3370036,0.0,0.3,RC624_1149.08-1157.40_m_DRY_cropped.png
0,0.0615,0.0006289308,0.00040941907,0.0,0.4,RC624_1149.08-1157.40_m_DRY_cropped.png
0,0.1395,-0.28584906,0.2539211,0.0,0.4,RC624_1149.08-1157.40_m_DRY_cropped.png
0,0.32025,-0.4427673,0.23689133,0.0,0.2,RC624_1149.08-1157.40_m_DRY_cropped.png
0,0.3065,-0.11069182,0.041432578,0.0,0.2,RC624_1149.08-1157.40_m_DRY_cropped.png
0,-0.0265,0.2674951,0.37615648,0.0,0.5,RC629_0691.90_0698.20_m_DRY_cropped.png
0,0.0,0.0,0.00019523574,0.0,0.5,RC629_0691.90_0698.20_m_DRY_cropped.png
0,0.03025,-0.14519294,0.22827928,0.0,0.9,RC629_0691.90_0698.20_m_DRY_cropped.png
0,0.0185,-0.2907129,0.52578807,0.0,0.5,RC629_0691.90_0698.20_m_DRY_cropped.png
1,0.04075,0.116415955,0.68693876,1.0,0.5,RC629_0691.90_0698.20_m_DRY_cropped.png
0,0.0155,-0.37115762,0.0008527724,0.0,0.7,RC629_0691.90_0698.20_m_DRY_cropped.png
0,0.02,0.3407456,0.00018908532,0.0,0.2,RC629_0691.90_0698.20_m_DRY_cropped.png
0,-0.0125,-0.27501634,0.03149526,0.0,0.4,RC629_0691.90_0698.20_m_DRY_cropped.png
0,0.0,0.0,0.2478467,0.0,0.4,RC629_0691.90_0698.20_m_DRY_cropped.png
0,-0.00575,-0.3705036,0.3796219,0.0,0.2,RC629_0691.90_0698.20_m_DRY_cropped.png
0,0.077,-0.103989534,1.1636218e-08,0.0,0.3,RC629_0691.90_0698.20_m_DRY_cropped.png
0,0.098,-0.36821452,0.6968414,0.0,0.8,RC629_0691.90_0698.20_m_DRY_cropped.png
0,0.085,0.0009810333,0.10918576,0.0,0.4,RC629_0691.90_0698.20_m_DRY_cropped.png
0,-0.16875,0.4679529,0.0007258528,1.0,0.2,RC629_0691.90_0698.20_m_DRY_cropped.png
0,0.126,-0.041203402,0.4082212,0.0,0.2,RC629_0691.90_0698.20_m_DRY_cropped.png
0,-0.1015,0.27305427,0.19128282,1.0,0.6,RC629_0691.90_0698.20_m_DRY_cropped.png
0,-0.08325,-0.18018313,0.154844,1.0,0.7,RC629_0691.90_0698.20_m_DRY_cropped.png
0,-0.09725,0.0035971224,0.0054823835,0.0,0.6,RC629_0691.90_0698.20_m_DRY_cropped.png
0,-0.04825,-0.26618704,0.011030785,0.0,0.4,RC629_0691.90_0698.20_m_DRY_cropped.png
0,-0.124,-0.036952257,0.2045114,0.0,0.2,RC629_0691.90_0698.20_m_DRY_cropped.png
0,-0.094,-0.36069328,0.2154693,0.0,0.4,RC629_0691.90_0698.20_m_DRY_cropped.png
0,-0.0795,-0.09679529,0.30134827,0.0,0.3,RC629_0691.90_0698.20_m_DRY_cropped.png
1,-0.022,0.12099411,0.5614701,1.0,0.5,RC629_0691.90_0698.20_m_DRY_cropped.png
0,0.02925,0.34466973,0.00069950265,0.0,0.3,RC629_0691.90_0698.20_m_DRY_cropped.png
0,0.0,0.0,0.0026158534,0.0,0.2,RC629_0691.90_0698.20_m_DRY_cropped.png
0,0.01775,-0.03564421,0.0015198232,0.0,0.3,RC629_0691.90_0698.20_m_DRY_cropped.png
0,0.09075,-0.101700455,0.09183022,0.0,0.3,RC629_0691.90_0698.20_m_DRY_cropped.png
0,0.0605,0.0006540222,0.22706202,0.0,0.4,RC629_0691.90_0698.20_m_DRY_cropped.png
0,0.08875,0.48332244,0.17169976,0.0,0.2,RC629_0691.90_0698.20_m_DRY_cropped.png
0,0.087,0.46272072,3.382343e-07,0.0,0.2,RC629_0691.90_0698.20_m_DRY_cropped.png
0,0.14775,-0.2792675,0.13101377,0.0,0.4,RC629_0691.90_0698.20_m_DRY_cropped.png
0,0.12725,0.4620667,0.0051317033,0.0,0.2,RC629_0691.90_0698.20_m_DRY_cropped.png
0,0.24325,0.14617397,0.49188066,0.0,0.2,RC629_0691.90_0698.20_m_DRY_cropped.png
0,-0.015,0.28087887,0.20372078,0.0,0.5,RC644W1_0867.92-0876.41_m_DRY_cropped.png
0,-0.00325,-0.39162707,0.14142211,0.0,0.7,RC644W1_0867.92-0876.41_m_DRY_cropped.png
0,0.02725,-0.15201901,0.38381135,0.0,0.9,RC644W1_0867.92-0876.41_m_DRY_cropped.png
0,0.0,0.0,0.013759322,0.0,0.5,RC644W1_0867.92-0876.41_m_DRY_cropped.png
0,0.08575,-0.31591448,0.28952977,0.0,0.6,RC644W1_0867.92-0876.41_m_DRY_cropped.png
0,0.02475,0.35985747,0.0043593636,0.0,0.3,RC644W1_0867.92-0876.41_m_DRY_cropped.png
1,0.0855,0.108966745,0.34956092,1.0,0.5,RC644W1_0867.92-0876.41_m_DRY_cropped.png
0,0.1145,-0.40320665,0.09340127,0.0,0.2,RC644W1_0867.92-0876.41_m_DRY_cropped.png
0,0.1395,-0.010985748,0.0024668602,0.0,0.3,RC644W1_0867.92-0876.41_m_DRY_cropped.png
0,0.202,-0.15350357,1.9924972e-05,0.0,0.3,RC644W1_0867.92-0876.41_m_DRY_cropped.png
0,0.2325,-0.4070665,0.5068963,0.0,0.8,RC644W1_0867.92-0876.41_m_DRY_cropped.png
0,0.2355,-0.016033255,5.6849814e-05,0.0,0.3,RC644W1_0867.92-0876.41_m_DRY_cropped.png
0,-0.1005,-0.18289787,0.24987629,1.0,0.7,RC644W1_0867.92-0876.41_m_DRY_cropped.png
0,-0.1205,-0.375,0.5766444,0.0,0.4,RC644W1_0867.92-0876.41_m_DRY_cropped.png
0,-0.10225,0.29750594,0.08582785,1.0,0.6,RC644W1_0867.92-0876.41_m_DRY_cropped.png
0,-0.129,0.0139548695,0.00013397897,0.0,0.3,RC644W1_0867.92-0876.41_m_DRY_cropped.png
0,-0.077,-0.28473872,0.0012022662,1.0,0.4,RC644W1_0867.92-0876.41_m_DRY_cropped.png
0,-0.08475,-0.10184085,0.17248657,0.0,0.2,RC644W1_0867.92-0876.41_m_DRY_cropped.png
1,-0.0005,0.12796912,0.4913841,1.0,0.5,RC644W1_0867.92-0876.41_m_DRY_cropped.png
0,-0.07875,0.008016627,0.24826427,1.0,0.2,RC644W1_0867.92-0876.41_m_DRY_cropped.png
0,0.03875,0.36638954,0.1040827,0.0,0.5,RC644W1_0867.92-0876.41_m_DRY_cropped.png
0,0.0,0.0,4.3896816e-07,0.0,0.2,RC644W1_0867.92-0876.41_m_DRY_cropped.png
0,0.005,0.010985748,0.879955,0.0,0.2,RC644W1_0867.92-0876.41_m_DRY_cropped.png
0,0.033,-0.111638956,0.499783,0.0,0.2,RC644W1_0867.92-0876.41_m_DRY_cropped.png
0,0.0695,0.0032660333,0.26473165,0.0,0.4,RC644W1_0867.92-0876.41_m_DRY_cropped.png
0,0.29025,-0.36965558,0.43528315,0.0,0.2,RC644W1_0867.92-0876.41_m_DRY_cropped.png
0,0.152,0.4721875,0.6356672,1.0,0.5,RC651_22.40-29.00m_wet_cropped.png
0,-0.1425,-0.096875,0.5299455,0.0,0.2,RC651_22.40-29.00m_wet_cropped.png
0,-0.1305,-0.0890625,0.93999815,0.0,0.2,RC651_22.40-29.00m_wet_cropped.png
0,-0.01325,0.270625,0.40483695,0.0,0.4,RC651_22.40-29.00m_wet_cropped.png
0,0.02875,-0.1459375,0.30474052,0.0,0.9,RC651_22.40-29.00m_wet_cropped.png
0,0.0,0.0,0.02600462,0.0,0.5,RC651_22.40-29.00m_wet_cropped.png
0,0.01025,-0.375625,0.22550164,0.0,0.7,RC651_22.40-29.00m_wet_cropped.png
1,0.06575,0.1003125,0.055618707,1.0,0.3,RC651_22.40-29.00m_wet_cropped.png
0,0.042,0.3384375,0.4964907,0.0,0.4,RC651_22.40-29.00m_wet_cropped.png
0,0.08875,-0.3075,0.11763876,0.0,0.5,RC651_22.40-29.00m_wet_cropped.png
0,0.12825,-0.0090625,0.00010575491,0.0,0.3,RC651_22.40-29.00m_wet_cropped.png
0,0.1185,-0.384375,0.0010856495,0.0,0.2,RC651_22.40-29.00m_wet_cropped.png
0,0.18375,-0.1509375,0.18979362,0.0,0.3,RC651_22.40-29.00m_wet_cropped.png
0,-0.198,-0.3765625,0.6622793,0.0,0.8,RC651_22.40-29.00m_wet_cropped.png
0,-0.208,-0.0015625,0.06975153,0.0,0.3,RC651_22.40-29.00m_wet_cropped.png
0,-0.0045,0.2740625,0.2885746,0.0,0.6,RC651_22.40-29.00m_wet_cropped.png
0,0.01275,-0.1875,0.32556263,0.0,0.7,RC651_22.40-29.00m_wet_cropped.png
0,0.0,0.0,0.21121308,0.0,0.5,RC651_22.40-29.00m_wet_cropped.png
0,-0.001,-0.3721875,0.22500212,0.0,0.4,RC651_22.40-29.00m_wet_cropped.png
0,0.02375,-0.1246875,0.1336917,0.0,0.2,RC651_22.40-29.00m_wet_cropped.png
0,0.02575,0.3325,0.1804163,1.0,0.9,RC651_22.40-29.00m_wet_cropped.png
0,0.031,-0.2996875,0.3312639,0.0,0.3,RC651_22.40-29.00m_wet_cropped.png
1,-0.00525,0.1075,0.48194897,1.0,0.4,RC651_22.40-29.00m_wet_cropped.png
0,0.0,0.0,0.039987475,0.0,0.2,RC651_22.40-29.00m_wet_cropped.png
0,0.05775,-0.3028125,0.64275575,0.0,0.3,RC651_22.40-29.00m_wet_cropped.png
0,0.065,0.0,0.03763582,1.0,0.3,RC651_22.40-29.00m_wet_cropped.png
0,0.12925,-0.3,0.014472425,0.0,0.2,RC651_22.40-29.00m_wet_cropped.png
0,0.20075,0.4828125,0.025096042,1.0,0.2,RC651_22.40-29.00m_wet_cropped.png
0,0.2755,0.2365625,0.49651453,0.0,0.2,RC651_22.40-29.00m_wet_cropped.png
0,0.27675,0.1709375,0.49999782,1.0,0.2,RC651_22.40-29.00m_wet_cropped.png
0,0.27325,0.32125,0.49565163,0.0,0.2,RC651_22.40-29.00m_wet_cropped.png
0,0.283,0.1228125,2.6876281e-05,0.0,0.2,RC651_22.40-29.00m_wet_cropped.png
0,0.27525,-0.4675,0.41729146,0.0,0.2,RC651_22.40-29.00m_wet_cropped.png
0,0.28425,-0.39375,0.014030084,0.0,0.2,RC651_22.40-29.00m_wet_cropped.png
0,0.2965,-0.1290625,0.20560469,0.0,0.2,RC651_22.40-29.00m_wet_cropped.png
0,0.0,0.19629899,0.17355804,0.0,0.5,RC635_9.85-23.95_m_W (4)_cropped.png
0,0.0,0.0,0.0010771202,0.0,0.4,RC635_9.85-23.95_m_W (4)_cropped.png
0,-0.0095,0.40965167,0.07274692,0.0,0.5,RC635_9.85-23.95_m_W (4)_cropped.png
0,0.024,0.48875183,0.20137756,1.0,0.3,RC635_9.85-23.95_m_W (4)_cropped.png
0,0.08975,0.27648765,0.048793435,0.0,0.3,RC635_9.85-23.95_m_W (4)_cropped.png
0,0.08725,-0.16618288,0.0012266096,0.0,0.2,RC635_9.85-23.95_m_W (4)_cropped.png
0,0.14775,-0.46952105,0.09197618,1.0,0.3,RC635_9.85-23.95_m_W (4)_cropped.png
1,0.14775,0.044629898,0.35212293,1.0,0.3,RC635_9.85-23.95_m_W (4)_cropped.png
0,-0.14675,-0.33490565,4.976975e-06,0.0,0.4,RC635_9.85-23.95_m_W (4)_cropped.png
0,-0.09675,-0.2565312,0.67845887,0.0,0.8,RC635_9.85-23.95_m_W (4)_cropped.png
0,-0.15975,-0.14296082,4.884672e-06,0.0,0.2,RC635_9.85-23.95_m_W (4)_cropped.png
0,0.01925,-0.13969521,0.3336524,0.0,0.3,RC635_9.85-23.95_m_W (4)_cropped.png
0,0.0,0.0,0.01782319,0.0,0.2,RC635_9.85-23.95_m_W (4)_cropped.png
0,0.0545,-0.3417997,0.3720566,0.0,0.4,RC635_9.85-23.95_m_W (4)_cropped.png
0,0.0235,0.20682149,3.9568854e-06,0.0,0.4,RC635_9.85-23.95_m_W (4)_cropped.png
0,0.04625,0.4179971,0.0189202,0.0,0.5,RC635_9.85-23.95_m_W (4)_cropped.png
0,0.08775,0.282656,0.051077325,0.0,0.5,RC635_9.85-23.95_m_W (4)_cropped.png
0,0.05525,0.51197386,0.33327967,0.0,0.3,RC635_9.85-23.95_m_W (4)_cropped.png
1,0.125,0.07801161,0.39149103,1.0,0.4,RC635_9.85-23.95_m_W (4)_cropped.png
0,0.17175,0.5137881,2.2862896e-09,0.0,0.2,RC635_9.85-23.95_m_W (4)_cropped.png
0,0.25125,0.28846154,0.0023508372,0.0,0.3,RC635_9.85-23.95_m_W (4)_cropped.png
0,0.357,-0.43396226,0.011330824,0.0,0.3,RC635_9.85-23.95_m_W (4)_cropped.png
0,0.352,-0.30696663,0.4882125,1.0,0.2,RC635_9.85-23.95_m_W (4)_cropped.png
0,0.39275,0.026850509,0.15455651,0.0,0.2,RC635_9.85-23.95_m_W (4)_cropped.png
0,0.3965,0.32438317,0.49033317,0.0,0.2,RC635_9.85-23.95_m_W (4)_cropped.png
0,0.45975,-0.4357765,0.56059635,1.0,0.5,RC635_9.85-23.95_m_W (4)_cropped.png
0,-0.44025,0.2767857,0.20029707,0.0,0.5,RC667_0408.50-0416.53_m_WET_cropped.png
0,-0.11,0.0064655175,0.016101478,0.0,0.7,RC667_0408.50-0416.53_m_WET_cropped.png
0,-0.08475,0.24014778,0.3044235,0.0,0.9,RC667_0408.50-0416.53_m_WET_cropped.png
0,-0.10925,0.38947046,0.0009132274,0.0,0.4,RC667_0408.50-0416.53_m_WET_cropped.png
0,-0.11625,-0.08743843,2.1842736e-05,0.0,0.2,RC667_0408.50-0416.53_m_WET_cropped.png
1,-0.33525,0.10160098,0.5074938,1.0,0.4,RC667_0408.50-0416.53_m_WET_cropped.png
0,-0.0115,0.073891625,0.0037059044,1.0,0.5,RC667_0408.50-0416.53_m_WET_cropped.png
0,-0.341,0.33682266,0.0019155513,0.0,0.2,RC667_0408.50-0416.53_m_WET_cropped.png
0,-0.257,-0.00092364533,0.026528427,0.0,0.6,RC667_0408.50-0416.53_m_WET_cropped.png
0,0.0,0.0,0.0013431188,0.0,0.2,RC667_0408.50-0416.53_m_WET_cropped.png
0,0.08275,0.2515394,2.97929e-05,0.0,0.3,RC667_0408.50-0416.53_m_WET_cropped.png
0,0.11,0.0021551724,0.6695415,0.0,0.8,RC667_0408.50-0416.53_m_WET_cropped.png
0,-0.0655,0.47937194,0.017233847,0.0,0.2,RC667_0408.50-0416.53_m_WET_cropped.png
0,-0.0205,-0.18503694,0.2482946,0.0,0.4,RC667_0408.50-0416.53_m_WET_cropped.png
0,0.005,0.27463055,0.16708714,0.0,0.6,RC667_0408.50-0416.53_m_WET_cropped.png
0,0.0,0.0,0.01600457,0.0,0.5,RC667_0408.50-0416.53_m_WET_cropped.png
0,-0.00675,-0.3746921,0.07581008,0.0,0.4,RC667_0408.50-0416.53_m_WET_cropped.png
0,0.0935,0.34359607,0.057402816,1.0,0.6,RC667_0408.50-0416.53_m_WET_cropped.png
0,0.056,-0.29495075,0.5020738,1.0,0.4,RC667_0408.50-0416.53_m_WET_cropped.png
0,0.0745,-0.12192118,0.41618377,0.0,0.6,RC667_0408.50-0416.53_m_WET_cropped.png
1,0.111,0.09913793,0.54480654,1.0,0.5,RC667_0408.50-0416.53_m_WET_cropped.png
0,0.051,-0.19119458,0.0026781822,0.0,0.3,RC667_0408.50-0416.53_m_WET_cropped.png
0,0.1385,-0.002770936,0.025772633,0.0,0.5,RC667_0408.50-0416.53_m_WET_cropped.png
0,0.22975,-0.2921798,0.47093654,0.0,0.2,RC667_0408.50-0416.53_m_WET_cropped.png
0,-0.53125,-0.4472868,0.34378755,1.0,0.3,RC667_883.60_891.90_m_DRY.JPG
0,-0.52575,-0.41472867,0.4999945,0.0,0.2,RC667_883.60_891.90_m_DRY.JPG
0,-0.44975,-0.39031008,0.2909162,0.0,0.5,RC667_883.60_891.90_m_DRY.JPG
0,-0.416,0.23178294,0.19999783,0.0,0.5,RC667_883.60_891.90_m_DRY.JPG
0,-0.3905,-0.1891473,0.40719563,0.0,0.9,RC667_883.60_891.90_m_DRY.JPG
0,-0.4165,-0.008914729,0.0008982166,0.0,0.4,RC667_883.60_891.90_m_DRY.JPG
0,-0.44475,-0.44651163,0.11546932,0.0,0.2,RC667_883.60_891.90_m_DRY.JPG
0,-0.32175,-0.29031008,0.16015334,0.0,0.5,RC667_883.60_891.90_m_DRY.JPG
1,-0.30125,0.09379845,0.24285822,1.0,0.4,RC667_883.60_891.90_m_DRY.JPG
0,-0.35975,-0.102713175,2.9394587e-05,0.0,0.3,RC667_883.60_891.90_m_DRY.JPG
0,-0.376,0.37248063,0.3921808,0.0,0.4,RC667_883.60_891.90_m_DRY.JPG
0,-0.351,-0.43333334,0.4959554,1.0,0.2,RC667_883.60_891.90_m_DRY.JPG
0,-0.266,-0.36821705,0.57273257,0.0,0.8,RC667_883.60_891.90_m_DRY.JPG
0,-0.252,-0.0131782945,0.22782458,0.0,0.7,RC667_883.60_891.90_m_DRY.JPG
0,-0.2955,-0.41511628,3.2544336e-05,1.0,0.2,RC667_883.60_891.90_m_DRY.JPG
0,-0.309,-0.44147286,0.3980643,0.0,0.2,RC667_883.60_891.90_m_DRY.JPG
0,-0.27375,-0.4007752,0.8459877,0.0,0.2,RC667_883.60_891.90_m_DRY.JPG
0,-0.19075,-0.40930232,0.0010984666,1.0,0.2,RC667_883.60_891.90_m_DRY.JPG
0,-0.19425,-0.39728683,0.053980432,1.0,0.2,RC667_883.60_891.90_m_DRY.JPG
0,-0.188,-0.40968993,8.630821e-05,0.0,0.2,RC667_883.60_891.90_m_DRY.JPG
0,-0.15475,-0.43875968,0.31433818,1.0,0.4,RC667_883.60_891.90_m_DRY.JPG
0,-0.147,-0.40658915,0.0002368058,0.0,0.2,RC667_883.60_891.90_m_DRY.JPG
0,-0.10425,-0.42209303,0.117883466,1.0,0.4,RC667_883.60_891.90_m_DRY.JPG
0,-0.128,0.46782947,0.5017698,1.0,0.2,RC667_883.60_891.90_m_DRY.JPG
0,-0.10725,-0.41162792,0.49999616,0.0,0.2,RC667_883.60_891.90_m_DRY.JPG
0,-0.073,-0.44883722,0.020433955,1.0,0.2,RC667_883.60_891.90_m_DRY.JPG
0,0.00425,-0.09496124,0.9668444,0.0,0.3,RC667_883.60_891.90_m_DRY.JPG
0,-0.0475,-0.4112403,0.17838798,0.0,0.4,RC667_883.60_891.90_m_DRY.JPG
0,-0.00375,-0.18062015,0.27310008,0.0,0.4,RC667_883.60_891.90_m_DRY.JPG
0,-0.0075,-0.3604651,3.2040647e-05,0.0,0.4,RC667_883.60_891.90_m_DRY.JPG
0,0.0,0.0,4.072744e-07,0.0,0.5,RC667_883.60_891.90_m_DRY.JPG
0,0.06075,-0.29031008,0.19450812,0.0,0.5,RC667_883.60_891.90_m_DRY.JPG
0,-0.03575,-0.43217054,0.9663787,0.0,0.2,RC667_883.60_891.90_m_DRY.JPG
0,0.03075,0.23100775,0.047047902,0.0,0.6,RC667_883.60_891.90_m_DRY.JPG
1,0.078,0.085658915,0.6680669,1.0,0.5,RC667_883.60_891.90_m_DRY.JPG
0,0.07725,0.3658915,0.16322874,0.0,0.6,RC667_883.60_891.90_m_DRY.JPG
0,0.00275,-0.41860464,0.45249563,0.0,0.3,RC667_883.60_891.90_m_DRY.JPG
0,0.045,-0.4403101,0.43886644,1.0,0.8,RC667_883.60_891.90_m_DRY.JPG
0,0.07625,0.45968992,0.00660637,0.0,0.2,RC667_883.60_891.90_m_DRY.JPG
0,0.07575,0.4651163,0.0002256143,0.0,0.2,RC667_883.60_891.90_m_DRY.JPG
0,0.1455,-0.0019379845,0.15358074,1.0,0.5,RC667_883.60_891.90_m_DRY.JPG
0,0.10125,0.47209302,0.4694853,0.0,0.2,RC667_883.60_891.90_m_DRY.JPG
0,0.13975,-0.44457364,0.4584848,0.0,0.4,RC667_883.60_891.90_m_DRY.JPG
0,0.1515,0.46976745,0.002775221,1.0,0.5,RC667_883.60_891.90_m_DRY.JPG
0,0.18475,-0.10426357,0.07478271,0.0,0.2,RC667_883.60_891.90_m_DRY.JPG
0,0.17575,-0.43255815,0.026952421,1.0,0.2,RC667_883.60_891.90_m_DRY.JPG
0,0.18375,-0.43527132,0.025676053,0.0,0.2,RC667_883.60_891.90_m_DRY.JPG
0,0.19825,-0.42170542,0.0075194202,1.0,0.2,RC667_883.60_891.90_m_DRY.JPG
0,0.22375,-0.4383721,0.78835326,1.0,0.6,RC667_883.60_891.90_m_DRY.JPG
0,0.2035,-0.41395348,0.022958709,0.0,0.2,RC667_883.60_891.90_m_DRY.JPG
0,0.25625,-0.28178295,0.50126255,0.0,0.2,RC667_883.60_891.90_m_DRY.JPG
0,0.23675,-0.4511628,0.41918573,0.0,0.2,RC667_883.60_891.90_m_DRY.JPG
0,0.2355,0.4755814,0.00024740235,0.0,0.2,RC667_883.60_891.90_m_DRY.JPG
0,0.2445,-0.4135659,0.050506346,1.0,0.2,RC667_883.60_891.90_m_DRY.JPG
0,0.2745,0.09263566,0.4371765,0.0,0.2,RC667_883.60_891.90_m_DRY.JPG
0,0.33475,-0.45387596,0.5872357,0.0,0.2,RC667_883.60_891.90_m_DRY.JPG
0,0.34075,0.1372093,0.89837855,0.0,0.2,RC667_883.60_891.90_m_DRY.JPG
0,-0.26,-0.023920266,0.11731599,1.0,0.2,RC644W2_0976.35-0985.01_m_WET.JPG
0,-0.27025,-0.073754154,0.08765774,0.0,0.2,RC644W2_0976.35-0985.01_m_WET.JPG
0,-0.2695,-0.113953486,0.66657424,0.0,0.3,RC644W2_0976.35-0985.01_m_WET.JPG
0,-0.27175,-0.4,0.5152327,0.0,0.2,RC644W2_0976.35-0985.01_m_WET.JPG
0,-0.2575,-0.003654485,3.1397505e-08,0.0,0.2,RC644W2_0976.35-0985.01_m_WET.JPG
0,-0.24525,0.08803987,0.27099496,1.0,0.2,RC644W2_0976.35-0985.01_m_WET.JPG
0,-0.25625,0.22890365,0.49594268,1.0,0.2,RC644W2_0976.35-0985.01_m_WET.JPG
0,-0.1825,-0.42126247,0.00028284497,0.0,0.4,RC644W2_0976.35-0985.01_m_WET.JPG
0,-0.253,0.26843855,0.0023043856,0.0,0.2,RC644W2_0976.35-0985.01_m_WET.JPG
0,-0.18025,0.46910298,0.00062382704,1.0,0.5,RC644W2_0976.35-0985.01_m_WET.JPG
0,-0.24825,-0.04385382,0.9934782,0.0,0.2,RC644W2_0976.35-0985.01_m_WET.JPG
0,-0.17575,0.4627907,0.15066007,0.0,0.3,RC644W2_0976.35-0985.01_m_WET.JPG
0,-0.14375,-0.0006644518,0.1926537,1.0,0.5,RC644W2_0976.35-0985.01_m_WET.JPG
0,-0.12275,0.21993355,0.39977142,1.0,0.5,RC644W2_0976.35-0985.01_m_WET.JPG
0,-0.1335,-0.15548173,0.32960483,0.0,0.3,RC644W2_0976.35-0985.01_m_WET.JPG
0,-0.01675,-0.3385382,0.23769718,1.0,0.7,RC644W2_0976.35-0985.01_m_WET.JPG
0,-0.131,-0.016943522,0.63713163,0.0,0.2,RC644W2_0976.35-0985.01_m_WET.JPG
1,-0.01175,0.08604651,0.63923347,1.0,0.5,RC644W2_0976.35-0985.01_m_WET.JPG
0,-0.034,0.32524917,0.0010984245,0.0,0.2,RC644W2_0976.35-0985.01_m_WET.JPG
0,0.0,0.0,0.01611605,0.0,0.4,RC644W2_0976.35-0985.01_m_WET.JPG
0,0.0335,-0.42425248,0.62509596,0.0,0.7,RC644W2_0976.35-0985.01_m_WET.JPG
0,0.04975,-0.16245846,2.4442771e-08,0.0,0.3,RC644W2_0976.35-0985.01_m_WET.JPG
0,0.03825,0.17641196,0.013879176,0.0,0.2,RC644W2_0976.35-0985.01_m_WET.JPG
0,0.057,0.17840531,0.294801,0.0,0.2,RC644W2_0976.35-0985.01_m_WET.JPG
0,0.0605,-0.48671097,0.4887662,0.0,0.2,RC644W2_0976.35-0985.01_m_WET.JPG
0,0.092,0.1780731,0.31047794,0.0,0.3,RC644W2_0976.35-0985.01_m_WET.JPG
0,0.0935,0.45448506,0.0017484208,1.0,0.4,RC644W2_0976.35-0985.01_m_WET.JPG
0,-0.15375,0.46312293,0.08412685,1.0,0.7,RC644W2_0976.35-0985.01_m_WET.JPG
0,0.128,0.0023255814,0.002678026,0.0,0.3,RC644W2_0976.35-0985.01_m_WET.JPG
0,0.149,-0.0269103,5.5430468e-05,0.0,0.2,RC644W2_0976.35-0985.01_m_WET.JPG
0,0.1295,0.45581394,0.0002923895,0.0,0.2,RC644W2_0976.35-0985.01_m_WET.JPG
0,-0.14225,0.17508306,0.50086874,0.0,0.2,RC644W2_0976.35-0985.01_m_WET.JPG
0,0.149,0.45548174,0.26118493,0.0,0.2,RC644W2_0976.35-0985.01_m_WET.JPG
0,-0.0015,-0.14352159,0.82699597,1.0,0.3,RC644W2_0976.35-0985.01_m_WET.JPG
0,0.0025,0.20531562,0.020724159,1.0,0.7,RC644W2_0976.35-0985.01_m_WET.JPG
0,0.01125,-0.21727575,0.0020800296,1.0,0.5,RC644W2_0976.35-0985.01_m_WET.JPG
0,-0.0695,0.46943521,0.00457224,0.0,0.2,RC644W2_0976.35-0985.01_m_WET.JPG
0,0.0,0.0,0.17128305,0.0,0.5,RC644W2_0976.35-0985.01_m_WET.JPG
0,0.002,-0.42192692,0.10316536,0.0,0.4,RC644W2_0976.35-0985.01_m_WET.JPG
0,-0.03075,-0.33554816,0.68692625,0.0,0.2,RC644W2_0976.35-0985.01_m_WET.JPG
1,0.05425,0.07906977,0.44629574,1.0,0.5,RC644W2_0976.35-0985.01_m_WET.JPG
0,-0.00625,-0.4873754,0.32539776,0.0,0.3,RC644W2_0976.35-0985.01_m_WET.JPG
0,0.156,0.33122924,0.1141203,1.0,0.4,RC644W2_0976.35-0985.01_m_WET.JPG
0,0.1355,-0.3305648,0.114489004,0.0,0.4,RC644W2_0976.35-0985.01_m_WET.JPG
0,0.123,-0.48637873,0.1991033,0.0,0.2,RC644W2_0976.35-0985.01_m_WET.JPG
0,0.1705,-0.047840532,0.002704904,0.0,0.2,RC644W2_0976.35-0985.01_m_WET.JPG
0,0.1635,-0.4830565,0.29884163,0.0,0.4,RC644W2_0976.35-0985.01_m_WET.JPG
0,0.166,-0.48903653,0.0002643548,0.0,0.2,RC644W2_0976.35-0985.01_m_WET.JPG
0,0.206,-0.003654485,0.30121177,1.0,0.5,RC644W2_0976.35-0985.01_m_WET.JPG
0,0.25575,-0.036212623,0.003784606,0.0,0.2,RC644W2_0976.35-0985.01_m_WET.JPG
0,0.272,-0.48272425,0.23229991,0.0,0.4,RC644W2_0976.35-0985.01_m_WET.JPG
0,0.2155,-0.48936877,0.35365164,0.0,0.2,RC644W2_0976.35-0985.01_m_WET.JPG
0,0.268,-0.33023256,0.2424572,0.0,0.2,RC644W2_0976.35-0985.01_m_WET.JPG
0,0.30425,0.18372093,0.50217867,0.0,0.2,RC644W2_0976.35-0985.01_m_WET.JPG
0,0.31525,-0.32657808,0.58228964,0.0,0.2,RC644W2_0976.35-0985.01_m_WET.JPG
0,0.35975,-0.47076413,0.71284837,1.0,0.2,RC644W2_0976.35-0985.01_m_WET.JPG
0,0.3875,-0.48438537,0.48233092,1.0,0.2,RC644W2_0976.35-0985.01_m_WET.JPG
1,-0.3835,0.09835601,0.00021643317,1.0,0.2,RC644W2_1267.20-1271.40_m_4of10_WET.JPG
0,-0.414,-0.106575966,4.7571025e-06,0.0,0.3,RC644W2_1267.20-1271.40_m_4of10_WET.JPG
0,-0.4055,-0.18792517,0.6127256,0.0,0.6,RC644W2_1267.20-1271.40_m_4of10_WET.JPG
0,-0.29775,-0.279195,0.33907568,0.0,0.6,RC644W2_1267.20-1271.40_m_4of10_WET.JPG
0,-0.4445,-0.3472222,0.39245296,0.0,0.2,RC644W2_1267.20-1271.40_m_4of10_WET.JPG
0,-0.4315,0.5549887,0.4814211,0.0,0.2,RC644W2_1267.20-1271.40_m_4of10_WET.JPG
0,-0.385,0.2998866,0.0009784183,0.0,0.2,RC644W2_1267.20-1271.40_m_4of10_WET.JPG
0,-0.305,-0.0127551025,0.16305076,0.0,0.7,RC644W2_1267.20-1271.40_m_4of10_WET.JPG
0,-0.29975,-0.348356,0.6335833,0.0,0.8,RC644W2_1267.20-1271.40_m_4of10_WET.JPG
0,-0.2665,-0.30725622,0.20819402,0.0,0.2,RC644W2_1267.20-1271.40_m_4of10_WET.JPG
0,-0.18125,-0.30725622,0.5780472,0.0,0.2,RC644W2_1267.20-1271.40_m_4of10_WET.JPG
0,-0.0145,-0.1765873,0.06008959,1.0,0.5,RC644W2_1267.20-1271.40_m_4of10_WET.JPG
0,0.0,0.0,4.7062054e-10,0.0,0.5,RC644W2_1267.20-1271.40_m_4of10_WET.JPG
0,-0.004,-0.348356,1.3857095e-08,1.0,0.4,RC644W2_1267.20-1271.40_m_4of10_WET.JPG
0,-0.031,-0.27324262,0.9968969,0.0,0.2,RC644W2_1267.20-1271.40_m_4of10_WET.JPG
0,-0.0495,0.5269274,0.9929647,0.0,0.2,RC644W2_1267.20-1271.40_m_4of10_WET.JPG
0,0.03875,0.24121316,0.012457659,1.0,0.6,RC644W2_1267.20-1271.40_m_4of10_WET.JPG
1,0.0795,0.11054422,0.49241227,1.0,0.6,RC644W2_1267.20-1271.40_m_4of10_WET.JPG
0,0.09475,-0.103174604,0.20765518,0.0,0.5,RC644W2_1267.20-1271.40_m_4of10_WET.JPG
0,0.14375,-0.26870748,0.5176558,0.0,0.5,RC644W2_1267.20-1271.40_m_4of10_WET.JPG
0,0.1795,-0.008786848,0.035552304,0.0,0.5,RC644W2_1267.20-1271.40_m_4of10_WET.JPG
0,0.249,0.3126417,0.1512287,1.0,0.6,RC644W2_1267.20-1271.40_m_4of10_WET.JPG
0,0.20275,-0.2888322,0.00097332965,0.0,0.2,RC644W2_1267.20-1271.40_m_4of10_WET.JPG
0,0.29925,-0.27097505,0.0067282226,1.0,0.3,RC644W2_1267.20-1271.40_m_4of10_WET.JPG
0,0.289,-0.096938774,0.13204975,0.0,0.2,RC644W2_1267.20-1271.40_m_4of10_WET.JPG
0,0.314,-0.28741497,0.25924084,1.0,0.2,RC644W2_1267.20-1271.40_m_4of10_WET.JPG
0,0.33425,-0.25878686,0.42758206,0.0,0.4,RC644W2_1267.20-1271.40_m_4of10_WET.JPG
0,0.35425,-0.26870748,0.49928856,0.0,0.2,RC644W2_1267.20-1271.40_m_4of10_WET.JPG
0,-0.5805,0.46481732,0.01717145,0.0,0.2,RC644W2_1295.80-1299.60_m_2of7_WET.JPG
0,-0.586,-0.30175912,0.6602108,0.0,0.3,RC644W2_1295.80-1299.60_m_2of7_WET.JPG
0,-0.54775,-0.32949933,0.689175,1.0,0.4,RC644W2_1295.80-1299.60_m_2of7_WET.JPG
0,-0.47025,0.22665764,0.16482921,0.0,0.6,RC644W2_1295.80-1299.60_m_2of7_WET.JPG
0,-0.54025,-0.30243573,0.19341561,0.0,0.2,RC644W2_1295.80-1299.60_m_2of7_WET.JPG
0,-0.52125,-0.30649525,0.00046287826,0.0,0.3,RC644W2_1295.80-1299.60_m_2of7_WET.JPG
0,-0.49975,-0.33525035,0.00697389,1.0,0.2,RC644W2_1295.80-1299.60_m_2of7_WET.JPG
0,-0.5015,-0.31359947,4.3681976e-05,0.0,0.2,RC644W2_1295.80-1299.60_m_2of7_WET.JPG
0,-0.48275,0.001014885,0.0102885235,0.0,0.2,RC644W2_1295.80-1299.60_m_2of7_WET.JPG
0,-0.36075,-0.24932341,0.20874421,0.0,0.6,RC644W2_1295.80-1299.60_m_2of7_WET.JPG
0,-0.40625,-0.016576454,3.0075737e-06,0.0,0.3,RC644W2_1295.80-1299.60_m_2of7_WET.JPG
0,-0.363,-0.18403247,0.4939015,0.0,0.8,RC644W2_1295.80-1299.60_m_2of7_WET.JPG
0,-0.3905,-0.3379567,0.12707941,0.0,0.4,RC644W2_1295.80-1299.60_m_2of7_WET.JPG
1,-0.33825,0.084573746,0.49609423,1.0,0.6,RC644W2_1295.80-1299.60_m_2of7_WET.JPG
0,-0.3245,-0.09810555,0.36110148,0.0,0.3,RC644W2_1295.80-1299.60_m_2of7_WET.JPG
0,-0.32675,0.2902571,0.016348232,1.0,0.2,RC644W2_1295.80-1299.60_m_2of7_WET.JPG
0,-0.2555,-0.015223275,0.2528994,0.0,0.7,RC644W2_1295.80-1299.60_m_2of7_WET.JPG
0,-0.29275,-0.11941813,3.552527e-05,0.0,0.2,RC644W2_1295.80-1299.60_m_2of7_WET.JPG
0,-0.24075,-0.3376184,0.66518444,0.0,0.9,RC644W2_1295.80-1299.60_m_2of7_WET.JPG
0,-0.21475,-0.29905277,0.111655004,0.0,0.2,RC644W2_1295.80-1299.60_m_2of7_WET.JPG
0,-0.1585,-0.26826793,0.49234074,0.0,0.2,RC644W2_1295.80-1299.60_m_2of7_WET.JPG
0,-0.14375,-0.29736128,0.48365685,0.0,0.2,RC644W2_1295.80-1299.60_m_2of7_WET.JPG
0,0.0,0.0,3.2524083e-10,0.0,0.5,RC644W2_1295.80-1299.60_m_2of7_WET.JPG
0,-0.03375,0.5267253,0.5026435,0.0,0.2,RC644W2_1295.80-1299.60_m_2of7_WET.JPG
0,0.00125,-0.17185386,0.24591804,0.0,0.4,RC644W2_1295.80-1299.60_m_2of7_WET.JPG
0,0.02775,0.23815967,0.0031794966,0.0,0.6,RC644W2_1295.80-1299.60_m_2of7_WET.JPG
0,0.00325,-0.33423546,5.4164234e-06,0.0,0.4,RC644W2_1295.80-1299.60_m_2of7_WET.JPG
0,-0.0115,-0.2645467,0.48988017,0.0,0.2,RC644W2_1295.80-1299.60_m_2of7_WET.JPG
1,0.033,0.104871444,0.61268127,0.0,0.4,RC644W2_1295.80-1299.60_m_2of7_WET.JPG
0,0.071,-0.10893099,0.2184294,0.0,0.6,RC644W2_1295.80-1299.60_m_2of7_WET.JPG
0,0.02125,-0.09303112,0.13556354,0.0,0.2,RC644W2_1295.80-1299.60_m_2of7_WET.JPG
0,0.1245,-0.2567659,0.26547095,0.0,0.4,RC644W2_1295.80-1299.60_m_2of7_WET.JPG
0,0.1505,-0.004397835,0.055245068,0.0,0.5,RC644W2_1295.80-1299.60_m_2of7_WET.JPG
0,0.15425,0.10216509,0.25028467,0.0,0.2,RC644W2_1295.80-1299.60_m_2of7_WET.JPG
0,0.23,0.3108931,0.0007059494,1.0,0.7,RC644W2_1295.80-1299.60_m_2of7_WET.JPG
0,0.1735,-0.27469555,0.003859174,0.0,0.2,RC644W2_1295.80-1299.60_m_2of7_WET.JPG
0,0.2045,-0.119079836,0.09357295,0.0,0.2,RC644W2_1295.80-1299.60_m_2of7_WET.JPG
0,0.26925,-0.25304466,0.04410782,0.0,0.4,RC644W2_1295.80-1299.60_m_2of7_WET.JPG
0,0.36425,-0.31326115,4.2392563e-05,1.0,0.2,RC644W2_1295.80-1299.60_m_2of7_WET.JPG
0,0.367,-0.25845736,0.33317658,0.0,0.3,RC644W2_1295.80-1299.60_m_2of7_WET.JPG
0,0.37325,-0.29296347,0.9894722,0.0,0.2,RC644W2_1295.80-1299.60_m_2of7_WET.JPG
0,0.384,-0.26488498,0.22876601,1.0,0.4,RC644W2_1295.80-1299.60_m_2of7_WET.JPG
0,0.389,-0.29262516,0.16630271,0.0,0.2,RC644W2_1295.80-1299.60_m_2of7_WET.JPG
0,-0.54775,0.24858557,0.46581128,1.0,0.2,RC667_0704.38-0712.78_m_dry.JPG
0,-0.549,0.057637908,4.534857e-07,0.0,0.2,RC667_0704.38-0712.78_m_dry.JPG
0,-0.54325,-0.42114568,0.41630322,1.0,0.2,RC667_0704.38-0712.78_m_dry.JPG
0,-0.5405,-0.08592645,1.8146511e-05,0.0,0.2,RC667_0704.38-0712.78_m_dry.JPG
0,-0.46375,-0.3953324,0.0007408789,1.0,0.4,RC667_0704.38-0712.78_m_dry.JPG
0,-0.49325,-0.18140028,0.009647248,0.0,0.2,RC667_0704.38-0712.78_m_dry.JPG
0,-0.36175,-0.32036775,0.18563953,0.0,0.5,RC667_0704.38-0712.78_m_dry.JPG
0,-0.42925,0.24363507,0.19939944,0.0,0.5,RC667_0704.38-0712.78_m_dry.JPG
0,-0.48475,-0.4427157,0.012035183,0.0,0.2,RC667_0704.38-0712.78_m_dry.JPG
0,-0.428,0.0003536068,4.3739483e-06,0.0,0.4,RC667_0704.38-0712.78_m_dry.JPG
0,-0.459,-0.4367044,0.018544,0.0,0.3,RC667_0704.38-0712.78_m_dry.JPG
0,-0.38675,-0.19024046,0.4521636,0.0,0.8,RC667_0704.38-0712.78_m_dry.JPG
1,-0.315,0.09335219,0.6059918,1.0,0.5,RC667_0704.38-0712.78_m_dry.JPG
0,-0.38475,-0.4377652,0.31984097,0.0,0.3,RC667_0704.38-0712.78_m_dry.JPG
0,-0.334,-0.11386139,1.690647e-09,0.0,0.3,RC667_0704.38-0712.78_m_dry.JPG
0,-0.3395,0.37871286,0.013167155,1.0,0.2,RC667_0704.38-0712.78_m_dry.JPG
0,-0.34875,-0.4427157,0.22979856,0.0,0.3,RC667_0704.38-0712.78_m_dry.JPG
0,-0.26825,-0.3797737,0.5316195,0.0,0.9,RC667_0704.38-0712.78_m_dry.JPG
0,-0.2595,-0.010608204,0.14800802,0.0,0.7,RC667_0704.38-0712.78_m_dry.JPG
0,-0.29275,-0.4317539,0.0007110579,0.0,0.3,RC667_0704.38-0712.78_m_dry.JPG
0,-0.2955,-0.4434229,0.49634016,1.0,0.2,RC667_0704.38-0712.78_m_dry.JPG
0,-0.20575,-0.437058,0.30869752,1.0,0.9,RC667_0704.38-0712.78_m_dry.JPG
0,-0.179,0.50106084,0.0014014052,1.0,0.2,RC667_0704.38-0712.78_m_dry.JPG
0,-0.17175,0.5067185,5.621419e-05,0.0,0.2,RC667_0704.38-0712.78_m_dry.JPG
0,-0.17225,0.5127298,0.404398,0.0,0.2,RC667_0704.38-0712.78_m_dry.JPG
0,-0.1235,-0.43316832,0.049717035,0.0,0.2,RC667_0704.38-0712.78_m_dry.JPG
0,-0.08125,-0.42892504,0.0037052212,1.0,0.4,RC667_0704.38-0712.78_m_dry.JPG
0,-0.09575,-0.4115983,0.99999297,0.0,0.2,RC667_0704.38-0712.78_m_dry.JPG
0,0.11425,-0.32213578,0.14836492,1.0,1.0,RC667_0704.38-0712.78_m_dry.JPG
0,-0.0605,-0.417256,0.25781825,1.0,0.7,RC667_0704.38-0712.78_m_dry.JPG
0,0.0,0.0,7.0347417e-09,0.0,0.5,RC667_0704.38-0712.78_m_dry.JPG
0,0.00125,-0.18811882,0.015964821,1.0,0.4,RC667_0704.38-0712.78_m_dry.JPG
0,0.00325,-0.38083452,6.9983827e-07,0.0,0.4,RC667_0704.38-0712.78_m_dry.JPG
0,0.02625,0.23373409,0.026592758,0.0,0.6,RC667_0704.38-0712.78_m_dry.JPG
0,0.022,-0.40876946,0.0129154995,0.0,0.8,RC667_0704.38-0712.78_m_dry.JPG
0,0.14275,0.3546676,0.010243642,1.0,0.5,RC667_0704.38-0712.78_m_dry.JPG
0,0.007,-0.4123055,9.455099e-05,0.0,0.2,RC667_0704.38-0712.78_m_dry.JPG
1,0.151,0.09123055,0.5941574,1.0,0.5,RC667_0704.38-0712.78_m_dry.JPG
0,0.06625,-0.11280057,0.34112787,0.0,0.3,RC667_0704.38-0712.78_m_dry.JPG
0,0.1505,0.49823198,0.23222435,0.0,0.4,RC667_0704.38-0712.78_m_dry.JPG
0,0.07325,0.4837341,0.0057903547,0.0,0.2,RC667_0704.38-0712.78_m_dry.JPG
0,0.13575,-0.405587,0.0024521674,0.0,0.4,RC667_0704.38-0712.78_m_dry.JPG
0,0.152,-0.012022631,0.19971304,0.0,0.5,RC667_0704.38-0712.78_m_dry.JPG
0,0.2165,0.49186704,0.045698356,1.0,1.1,RC667_0704.38-0712.78_m_dry.JPG
0,0.23875,-0.115275815,0.11491859,1.0,0.3,RC667_0704.38-0712.78_m_dry.JPG
0,0.386,0.30410182,0.5080233,0.0,0.2,RC667_0704.38-0712.78_m_dry.JPG
0,0.3875,0.35608202,0.19905135,0.0,0.2,RC667_0704.38-0712.78_m_dry.JPG
0,0.39025,0.407355,0.55733407,1.0,0.3,RC667_0704.38-0712.78_m_dry.JPG
0,0.38825,0.43316832,0.48764226,0.0,0.2,RC667_0704.38-0712.78_m_dry.JPG
0,0.3855,0.46110326,0.43261942,0.0,0.2,RC667_0704.38-0712.78_m_dry.JPG
0,-0.55875,0.32333767,0.50179595,0.0,0.2,RC667_0879.00-0883.60_m_DRY.JPG
0,-0.56225,0.18383312,0.009957933,0.0,0.2,RC667_0879.00-0883.60_m_DRY.JPG
0,-0.56775,0.178618,0.687152,0.0,0.2,RC667_0879.00-0883.60_m_DRY.JPG
0,-0.55625,0.16460235,0.03594358,0.0,0.2,RC667_0879.00-0883.60_m_DRY.JPG
0,-0.56025,0.14080834,0.13743195,0.0,0.2,RC667_0879.00-0883.60_m_DRY.JPG
0,-0.55575,0.12255541,0.026998565,1.0,0.2,RC667_0879.00-0883.60_m_DRY.JPG
0,-0.56625,0.11245111,0.019138565,0.0,0.2,RC667_0879.00-0883.60_m_DRY.JPG
0,-0.556,0.0922425,0.008106179,0.0,0.2,RC667_0879.00-0883.60_m_DRY.JPG
0,-0.558,0.02607562,0.3610194,1.0,0.2,RC667_0879.00-0883.60_m_DRY.JPG
0,-0.557,0.01988266,0.011550062,0.0,0.2,RC667_0879.00-0883.60_m_DRY.JPG
0,-0.55675,-0.018904824,0.0008256453,0.0,0.3,RC667_0879.00-0883.60_m_DRY.JPG
0,-0.55425,-0.03552803,0.05023108,1.0,0.3,RC667_0879.00-0883.60_m_DRY.JPG
0,-0.5695,-0.048239894,0.0029407807,0.0,0.2,RC667_0879.00-0883.60_m_DRY.JPG
0,-0.556,-0.06258149,0.32547656,1.0,0.3,RC667_0879.00-0883.60_m_DRY.JPG
0,-0.55575,-0.08441982,0.00014736212,0.0,0.3,RC667_0879.00-0883.60_m_DRY.JPG
0,-0.5515,-0.11636245,0.038826197,0.0,0.4,RC667_0879.00-0883.60_m_DRY.JPG
0,-0.56575,-0.14928292,0.002217875,0.0,0.2,RC667_0879.00-0883.60_m_DRY.JPG
0,-0.57,-0.1822034,0.12123911,0.0,0.2,RC667_0879.00-0883.60_m_DRY.JPG
0,-0.5705,-0.19393742,0.0031182086,0.0,0.2,RC667_0879.00-0883.60_m_DRY.JPG
0,-0.56425,0.00032594524,0.5024666,1.0,0.2,RC667_0879.00-0883.60_m_DRY.JPG
0,-0.55275,-0.13885267,0.10525909,1.0,0.3,RC667_0879.00-0883.60_m_DRY.JPG
0,-0.553,-0.029661017,0.005530613,0.0,0.2,RC667_0879.00-0883.60_m_DRY.JPG
0,-0.55175,0.45599738,0.48086327,0.0,0.2,RC667_0879.00-0883.60_m_DRY.JPG
0,-0.54725,-0.04302477,0.0024054807,0.0,0.2,RC667_0879.00-0883.60_m_DRY.JPG
0,-0.55075,-0.31127772,0.00243673,0.0,0.2,RC667_0879.00-0883.60_m_DRY.JPG
0,-0.553,0.4488266,0.9816339,0.0,0.2,RC667_0879.00-0883.60_m_DRY.JPG
0,-0.53075,-0.33441982,0.9942237,1.0,0.2,RC667_0879.00-0883.60_m_DRY.JPG
0,-0.5285,-0.36864406,0.27988428,0.0,0.2,RC667_0879.00-0883.60_m_DRY.JPG
0,-0.4275,0.22327249,0.19830073,0.0,0.5,RC667_0879.00-0883.60_m_DRY.JPG
0,-0.393,-0.18546285,0.42046943,0.0,0.9,RC667_0879.00-0883.60_m_DRY.JPG
0,-0.42325,-0.0068448503,8.66761e-05,0.0,0.4,RC667_0879.00-0883.60_m_DRY.JPG
0,-0.42875,-0.36929595,0.24640825,0.0,0.4,RC667_0879.00-0883.60_m_DRY.JPG
0,-0.3195,-0.28780964,0.08877866,0.0,0.5,RC667_0879.00-0883.60_m_DRY.JPG
1,-0.2905,0.07366362,0.02284855,1.0,0.5,RC667_0879.00-0883.60_m_DRY.JPG
0,-0.326,-0.11375489,3.213292e-08,0.0,0.3,RC667_0879.00-0883.60_m_DRY.JPG
0,-0.3515,0.34713167,0.014479294,1.0,0.2,RC667_0879.00-0883.60_m_DRY.JPG
0,-0.365,-0.4243807,0.5211428,0.0,0.2,RC667_0879.00-0883.60_m_DRY.JPG
0,-0.3395,-0.42372882,0.30278155,0.0,0.3,RC667_0879.00-0883.60_m_DRY.JPG
0,-0.2605,-0.36897,0.7378032,0.0,0.8,RC667_0879.00-0883.60_m_DRY.JPG
0,-0.2565,-0.011082138,0.14376843,0.0,0.7,RC667_0879.00-0883.60_m_DRY.JPG
0,-0.2655,-0.4452412,0.7811962,0.0,0.2,RC667_0879.00-0883.60_m_DRY.JPG
0,-0.241,-0.42959583,0.9980861,0.0,0.2,RC667_0879.00-0883.60_m_DRY.JPG
0,-0.2375,-0.42112124,0.9244723,0.0,0.2,RC667_0879.00-0883.60_m_DRY.JPG
0,-0.19575,-0.45860496,0.9994671,0.0,0.2,RC667_0879.00-0883.60_m_DRY.JPG
0,-0.09575,-0.43089962,0.28118917,1.0,0.5,RC667_0879.00-0883.60_m_DRY.JPG
0,-0.0945,-0.42177314,0.3299974,1.0,0.3,RC667_0879.00-0883.60_m_DRY.JPG
0,-0.08225,-0.43937418,0.78253305,0.0,0.2,RC667_0879.00-0883.60_m_DRY.JPG
0,-0.06,-0.4185137,0.053654436,0.0,0.2,RC667_0879.00-0883.60_m_DRY.JPG
0,0.0,0.0,2.9183724e-07,0.0,0.5,RC667_0879.00-0883.60_m_DRY.JPG
0,-0.02925,-0.42861798,0.023162512,1.0,0.4,RC667_0879.00-0883.60_m_DRY.JPG
0,0.005,-0.178618,0.005800891,0.0,0.4,RC667_0879.00-0883.60_m_DRY.JPG
0,0.02,0.22457626,0.030561779,0.0,0.6,RC667_0879.00-0883.60_m_DRY.JPG
0,0.017,-0.10071708,0.66891694,0.0,0.3,RC667_0879.00-0883.60_m_DRY.JPG
0,0.01025,-0.3653846,2.165894e-06,0.0,0.4,RC667_0879.00-0883.60_m_DRY.JPG
0,0.07975,-0.29335073,0.106427036,1.0,0.5,RC667_0879.00-0883.60_m_DRY.JPG
0,-0.01925,-0.41818774,0.0016238411,0.0,0.2,RC667_0879.00-0883.60_m_DRY.JPG
0,0.14025,0.34745762,1.908754e-08,1.0,0.6,RC667_0879.00-0883.60_m_DRY.JPG
1,0.10975,0.08833116,0.4063318,1.0,0.5,RC667_0879.00-0883.60_m_DRY.JPG
0,0.0035,-0.4416558,0.003491314,0.0,0.3,RC667_0879.00-0883.60_m_DRY.JPG
0,0.088,-0.43970013,0.19011283,1.0,0.7,RC667_0879.00-0883.60_m_DRY.JPG
0,0.04275,-0.44915253,0.5154083,0.0,0.2,RC667_0879.00-0883.60_m_DRY.JPG
0,0.0705,-0.45045632,0.32686704,0.0,0.5,RC667_0879.00-0883.60_m_DRY.JPG
0,0.062,-0.42992178,0.12927356,0.0,0.2,RC667_0879.00-0883.60_m_DRY.JPG
0,0.15025,-0.0019556715,0.06122612,1.0,0.5,RC667_0879.00-0883.60_m_DRY.JPG
0,0.2005,-0.0958279,0.93312097,1.0,0.3,RC667_0879.00-0883.60_m_DRY.JPG
0,0.24575,-0.392764,0.015707098,0.0,0.6,RC667_0879.00-0883.60_m_DRY.JPG
0,0.30475,-0.29563233,0.46861959,0.0,0.3,RC667_0879.00-0883.60_m_DRY.JPG
0,0.28475,0.5306389,0.00032536517,0.0,0.2,RC667_0879.00-0883.60_m_DRY.JPG
0,0.31225,0.5293351,0.11950455,0.0,0.2,RC667_0879.00-0883.60_m_DRY.JPG
0,0.34175,-0.3898305,0.508296,0.0,0.2,RC667_0879.00-0883.60_m_DRY.JPG
0,0.3425,0.12874837,0.0052452097,0.0,0.2,RC667_0879.00-0883.60_m_DRY.JPG
0,0.36225,-0.21447197,0.037904203,0.0,0.2,RC667_0879.00-0883.60_m_DRY.JPG
0,0.4105,0.3816819,0.49990746,0.0,0.2,RC667_0879.00-0883.60_m_DRY.JPG
0,0.41625,0.3637549,0.0006470499,0.0,0.2,RC667_0879.00-0883.60_m_DRY.JPG
0,0.41875,0.21577574,0.0029028878,0.0,0.2,RC667_0879.00-0883.60_m_DRY.JPG
0,-0.55725,0.3995943,0.00021014805,0.0,0.2,RC667_0879.00-0883.60_m_WET.JPG
0,-0.55725,0.36240703,0.019988561,0.0,0.2,RC667_0879.00-0883.60_m_WET.JPG
0,-0.5565,0.32488167,0.50028014,0.0,0.2,RC667_0879.00-0883.60_m_WET.JPG
0,-0.552,0.17511833,0.015708523,1.0,0.3,RC667_0879.00-0883.60_m_WET.JPG
0,-0.551,0.06795132,0.0007232992,1.0,0.3,RC667_0879.00-0883.60_m_WET.JPG
0,-0.55125,-0.0016903313,0.0020505814,1.0,0.2,RC667_0879.00-0883.60_m_WET.JPG
0,-0.555,-0.024340771,0.031392146,1.0,0.2,RC667_0879.00-0883.60_m_WET.JPG
0,-0.55,-0.06152806,0.011381844,1.0,0.2,RC667_0879.00-0883.60_m_WET.JPG
0,-0.56425,-0.07167005,0.068587966,0.0,0.2,RC667_0879.00-0883.60_m_WET.JPG
0,-0.564,-0.08384043,0.50463855,0.0,0.2,RC667_0879.00-0883.60_m_WET.JPG
0,-0.5475,-0.10108181,0.089997664,1.0,0.2,RC667_0879.00-0883.60_m_WET.JPG
0,-0.55,-0.14401622,8.0197915e-06,1.0,0.3,RC667_0879.00-0883.60_m_WET.JPG
0,-0.55225,-0.15618661,0.02235187,0.0,0.4,RC667_0879.00-0883.60_m_WET.JPG
0,-0.5655,0.42630157,0.4600022,0.0,0.2,RC667_0879.00-0883.60_m_WET.JPG
0,-0.54975,0.12508452,0.40629292,1.0,0.2,RC667_0879.00-0883.60_m_WET.JPG
0,-0.54875,-0.011832319,0.0136668,1.0,0.4,RC667_0879.00-0883.60_m_WET.JPG
0,-0.5435,0.044962812,1.4055664e-06,1.0,0.2,RC667_0879.00-0883.60_m_WET.JPG
0,-0.54275,0.10987154,0.34380367,0.0,0.3,RC667_0879.00-0883.60_m_WET.JPG
0,-0.539,-0.08350237,0.009258487,0.0,0.2,RC667_0879.00-0883.60_m_WET.JPG
0,-0.54075,-0.11561866,0.0033706594,1.0,0.2,RC667_0879.00-0883.60_m_WET.JPG
0,-0.42275,0.20993915,0.19999814,0.0,0.5,RC667_0879.00-0883.60_m_WET.JPG
0,-0.414,-0.024678838,7.047775e-05,0.0,0.4,RC667_0879.00-0883.60_m_WET.JPG
0,-0.3805,-0.20588236,0.3480243,0.0,0.9,RC667_0879.00-0883.60_m_WET.JPG
0,-0.41075,-0.39418527,0.1947882,0.0,0.4,RC667_0879.00-0883.60_m_WET.JPG
0,-0.30575,-0.3056119,0.19787766,0.0,0.5,RC667_0879.00-0883.60_m_WET.JPG
1,-0.286,0.06423259,0.041824825,1.0,0.5,RC667_0879.00-0883.60_m_WET.JPG
0,-0.30975,-0.13049358,4.4474413e-10,0.0,0.3,RC667_0879.00-0883.60_m_WET.JPG
0,-0.34975,0.33975658,0.013815557,1.0,0.2,RC667_0879.00-0883.60_m_WET.JPG
0,-0.35225,-0.44557133,0.4489654,0.0,0.2,RC667_0879.00-0883.60_m_WET.JPG
0,-0.25075,-0.019269777,0.16295415,0.0,0.7,RC667_0879.00-0883.60_m_WET.JPG
0,-0.2465,-0.38607168,0.7216552,0.0,0.8,RC667_0879.00-0883.60_m_WET.JPG
0,-0.164,-0.43441513,0.9795705,0.0,0.2,RC667_0879.00-0883.60_m_WET.JPG
0,-0.12525,-0.448952,0.22844061,1.0,0.4,RC667_0879.00-0883.60_m_WET.JPG
0,-0.094,-0.4448952,0.99372816,0.0,0.2,RC667_0879.00-0883.60_m_WET.JPG
0,-0.071,-0.45605138,0.5610412,0.0,0.2,RC667_0879.00-0883.60_m_WET.JPG
0,0.0,0.0,0.00026528465,0.0,0.5,RC667_0879.00-0883.60_m_WET.JPG
0,0.01375,0.22819473,0.053137913,0.0,0.6,RC667_0879.00-0883.60_m_WET.JPG
0,0.00925,-0.18390805,0.11786972,0.0,0.4,RC667_0879.00-0883.60_m_WET.JPG
0,0.01875,-0.10243408,0.6624364,0.0,0.3,RC667_0879.00-0883.60_m_WET.JPG
0,0.019,-0.37423936,1.6053444e-05,0.0,0.4,RC667_0879.00-0883.60_m_WET.JPG
0,0.12775,0.35936445,2.2895302e-08,1.0,0.6,RC667_0879.00-0883.60_m_WET.JPG
1,0.10475,0.09127789,0.40554333,1.0,0.5,RC667_0879.00-0883.60_m_WET.JPG
0,0.0855,-0.29614604,0.14459506,0.0,0.5,RC667_0879.00-0883.60_m_WET.JPG
0,0.062,-0.43306288,0.44965836,1.0,0.3,RC667_0879.00-0883.60_m_WET.JPG
0,0.0645,-0.4259635,0.46961993,0.0,0.2,RC667_0879.00-0883.60_m_WET.JPG
0,0.10825,-0.44658554,0.49699777,0.0,0.2,RC667_0879.00-0883.60_m_WET.JPG
0,0.1465,0.0033806625,0.06295884,1.0,0.5,RC667_0879.00-0883.60_m_WET.JPG
0,0.1975,-0.08958756,0.9987263,1.0,0.3,RC667_0879.00-0883.60_m_WET.JPG
0,0.28325,-0.2846518,0.79934615,0.0,0.2,RC667_0879.00-0883.60_m_WET.JPG
0,0.33075,0.14367816,0.01755555,0.0,0.2,RC667_0879.00-0883.60_m_WET.JPG
0,0.38075,0.4357674,1.1890761e-05,0.0,0.2,RC667_0879.00-0883.60_m_WET.JPG
0,0.40225,0.43035835,0.2516218,0.0,0.4,RC667_0879.00-0883.60_m_WET.JPG
0,0.40325,0.346856,0.009980053,1.0,0.2,RC667_0879.00-0883.60_m_WET.JPG
0,0.4085,0.2785666,0.001032667,1.0,0.2,RC667_0879.00-0883.60_m_WET.JPG
0,0.409,0.16193374,0.00068225816,0.0,0.2,RC667_0879.00-0883.60_m_WET.JPG
0,-0.52425,0.49688148,0.0021185055,0.0,0.2,RC667_1028.82-1037.37_m_dry.JPG
0,-0.55375,-0.44594595,0.00038676467,0.0,0.2,RC667_1028.82-1037.37_m_dry.JPG
0,-0.54775,0.25779626,0.033312455,0.0,0.2,RC667_1028.82-1037.37_m_dry.JPG
0,-0.54475,-0.44005543,0.054972675,0.0,0.3,RC667_1028.82-1037.37_m_dry.JPG
0,-0.544,0.26992378,1.3688808e-08,0.0,0.2,RC667_1028.82-1037.37_m_dry.JPG
0,-0.46775,-0.44767845,0.32201648,0.0,0.3,RC667_1028.82-1037.37_m_dry.JPG
0,-0.51025,-0.088011086,0.50268376,1.0,0.2,RC667_1028.82-1037.37_m_dry.JPG
0,-0.50475,0.0959806,0.28196257,0.0,0.2,RC667_1028.82-1037.37_m_dry.JPG
0,-0.42475,0.22349273,0.19080596,0.0,0.5,RC667_1028.82-1037.37_m_dry.JPG
0,-0.39275,-0.2006237,0.3616235,0.0,0.9,RC667_1028.82-1037.37_m_dry.JPG
0,-0.422,-0.015939016,3.980169e-05,1.0,0.4,RC667_1028.82-1037.37_m_dry.JPG
0,-0.429,-0.3911989,0.2478678,0.0,0.4,RC667_1028.82-1037.37_m_dry.JPG
0,-0.42025,0.4996535,0.0061910516,0.0,0.4,RC667_1028.82-1037.37_m_dry.JPG
0,-0.3905,0.35412335,5.699917e-06,0.0,0.2,RC667_1028.82-1037.37_m_dry.JPG
0,-0.35075,-0.3069993,0.31382027,0.0,0.5,RC667_1028.82-1037.37_m_dry.JPG
1,-0.31175,0.07865558,0.46928802,1.0,0.6,RC667_1028.82-1037.37_m_dry.JPG
0,-0.36225,-0.11919612,0.016692927,0.0,0.3,RC667_1028.82-1037.37_m_dry.JPG
0,-0.39725,-0.44248095,0.0009843282,0.0,0.2,RC667_1028.82-1037.37_m_dry.JPG
0,-0.31875,-0.44248095,0.17088218,1.0,0.6,RC667_1028.82-1037.37_m_dry.JPG
0,-0.35,-0.45079696,0.0004344417,0.0,0.2,RC667_1028.82-1037.37_m_dry.JPG
0,-0.262,-0.38496187,0.621028,0.0,0.8,RC667_1028.82-1037.37_m_dry.JPG
0,-0.255,-0.0155925155,0.07178416,0.0,0.7,RC667_1028.82-1037.37_m_dry.JPG
0,-0.2435,0.516632,0.03252879,0.0,0.2,RC667_1028.82-1037.37_m_dry.JPG
0,-0.24425,-0.42723492,0.0012690427,1.0,0.2,RC667_1028.82-1037.37_m_dry.JPG
0,-0.2195,-0.4133749,0.24398065,0.0,0.5,RC667_1028.82-1037.37_m_dry.JPG
0,-0.17625,-0.4092169,0.0021488378,0.0,0.3,RC667_1028.82-1037.37_m_dry.JPG
0,-0.12925,0.4948025,0.07574915,1.0,0.3,RC667_1028.82-1037.37_m_dry.JPG
0,-0.14625,0.514553,0.20191756,0.0,0.2,RC667_1028.82-1037.37_m_dry.JPG
0,-0.135,-0.45703396,0.00018551762,0.0,0.2,RC667_1028.82-1037.37_m_dry.JPG
0,-0.07,-0.44975746,0.33319792,0.0,0.6,RC667_1028.82-1037.37_m_dry.JPG
0,-0.06175,0.507623,0.0015446001,0.0,0.3,RC667_1028.82-1037.37_m_dry.JPG
0,0.12475,-0.2882883,0.040431637,1.0,0.6,RC667_1028.82-1037.37_m_dry.JPG
0,0.0,0.0,2.0232537e-05,0.0,0.5,RC667_1028.82-1037.37_m_dry.JPG
0,-0.00425,-0.18503119,0.0028148962,0.0,0.4,RC667_1028.82-1037.37_m_dry.JPG
0,0.005,-0.37456688,8.544784e-07,0.0,0.4,RC667_1028.82-1037.37_m_dry.JPG
0,0.02275,0.23250173,0.00062088383,0.0,0.6,RC667_1028.82-1037.37_m_dry.JPG
0,-0.039,0.14518364,0.7599756,0.0,0.2,RC667_1028.82-1037.37_m_dry.JPG
0,-0.02125,0.511088,0.0066661537,0.0,0.2,RC667_1028.82-1037.37_m_dry.JPG
0,0.10275,-0.088011086,0.25008446,1.0,0.4,RC667_1028.82-1037.37_m_dry.JPG
0,0.13525,0.34511435,0.0008223907,0.0,0.7,RC667_1028.82-1037.37_m_dry.JPG
1,0.13425,0.09424809,0.37640947,1.0,0.6,RC667_1028.82-1037.37_m_dry.JPG
0,0.01025,0.513167,0.01461191,0.0,0.2,RC667_1028.82-1037.37_m_dry.JPG
0,0.0255,0.5100485,0.071841225,0.0,0.3,RC667_1028.82-1037.37_m_dry.JPG
0,0.07625,0.5135135,0.31082082,0.0,0.3,RC667_1028.82-1037.37_m_dry.JPG
0,0.09025,-0.43797645,0.0040859994,0.0,0.2,RC667_1028.82-1037.37_m_dry.JPG
0,0.148,0.0017325018,0.44353166,0.0,0.7,RC667_1028.82-1037.37_m_dry.JPG
0,0.21425,-0.45426196,0.0026948205,0.0,0.3,RC667_1028.82-1037.37_m_dry.JPG
0,-0.406,0.22110553,0.17851102,0.0,0.6,RC667_1046.00-1050.50_m_3of4_wet.JPG
0,-0.46025,0.12634602,0.44977748,0.0,0.2,RC667_1046.00-1050.50_m_3of4_wet.JPG
0,-0.452,0.46877244,0.5004905,0.0,0.2,RC667_1046.00-1050.50_m_3of4_wet.JPG
0,-0.382,-0.021177314,2.0435285e-05,0.0,0.4,RC667_1046.00-1050.50_m_3of4_wet.JPG
0,-0.4295,0.14249821,0.19442737,0.0,0.2,RC667_1046.00-1050.50_m_3of4_wet.JPG
0,-0.3505,-0.20208184,0.43262652,0.0,0.9,RC667_1046.00-1050.50_m_3of4_wet.JPG
0,-0.42175,-0.10839914,0.74829805,0.0,0.2,RC667_1046.00-1050.50_m_3of4_wet.JPG
0,-0.364,0.350682,1.1606411e-05,1.0,0.2,RC667_1046.00-1050.50_m_3of4_wet.JPG
0,-0.37625,-0.38585785,0.18985549,0.0,0.4,RC667_1046.00-1050.50_m_3of4_wet.JPG
0,-0.39675,0.12096195,0.48822406,0.0,0.2,RC667_1046.00-1050.50_m_3of4_wet.JPG
1,-0.2965,0.08937545,0.32199746,1.0,0.6,RC667_1046.00-1050.50_m_3of4_wet.JPG
0,-0.31075,-0.304738,0.1300034,0.0,0.5,RC667_1046.00-1050.50_m_3of4_wet.JPG
0,-0.329,-0.12419239,0.0033101714,1.0,0.2,RC667_1046.00-1050.50_m_3of4_wet.JPG
0,-0.3275,0.45656857,0.44190347,0.0,0.4,RC667_1046.00-1050.50_m_3of4_wet.JPG
0,-0.2325,-0.01615219,0.10284854,0.0,0.7,RC667_1046.00-1050.50_m_3of4_wet.JPG
0,-0.28925,0.46231157,0.33623418,0.0,0.3,RC667_1046.00-1050.50_m_3of4_wet.JPG
0,-0.2295,-0.3815506,0.6944837,0.0,0.8,RC667_1046.00-1050.50_m_3of4_wet.JPG
0,-0.2565,0.46051687,0.15659858,0.0,0.2,RC667_1046.00-1050.50_m_3of4_wet.JPG
0,-0.244,0.4569275,0.50499856,0.0,0.2,RC667_1046.00-1050.50_m_3of4_wet.JPG
0,-0.21425,0.45118448,0.43393615,0.0,0.2,RC667_1046.00-1050.50_m_3of4_wet.JPG
0,-0.1665,0.45046663,0.15491565,0.0,0.2,RC667_1046.00-1050.50_m_3of4_wet.JPG
0,-0.11775,0.44615936,0.1041493,0.0,0.2,RC667_1046.00-1050.50_m_3of4_wet.JPG
0,-0.09575,0.44436467,0.77010703,0.0,0.3,RC667_1046.00-1050.50_m_3of4_wet.JPG
0,-0.07175,-0.08327351,0.49838862,0.0,0.2,RC667_1046.00-1050.50_m_3of4_wet.JPG
0,-0.05775,0.44328788,0.4498091,0.0,0.2,RC667_1046.00-1050.50_m_3of4_wet.JPG
0,0.14925,-0.29396984,0.23590058,1.0,0.9,RC667_1046.00-1050.50_m_3of4_wet.JPG
0,0.0,0.0,2.1904425e-05,0.0,0.5,RC667_1046.00-1050.50_m_3of4_wet.JPG
0,-0.00275,-0.18485284,0.25185072,0.0,0.4,RC667_1046.00-1050.50_m_3of4_wet.JPG
0,-0.0345,0.44615936,0.0114078345,1.0,0.2,RC667_1046.00-1050.50_m_3of4_wet.JPG
1,0.1045,0.10732233,0.37289536,1.0,0.6,RC667_1046.00-1050.50_m_3of4_wet.JPG
0,0.00425,-0.37401292,8.431072e-06,0.0,0.4,RC667_1046.00-1050.50_m_3of4_wet.JPG
0,-0.01875,0.44974875,3.249998e-05,0.0,0.2,RC667_1046.00-1050.50_m_3of4_wet.JPG
0,0.1255,0.37114143,9.593412e-05,0.0,0.7,RC667_1046.00-1050.50_m_3of4_wet.JPG
0,0.074,-0.09691314,0.45271513,1.0,0.4,RC667_1046.00-1050.50_m_3of4_wet.JPG
0,0.0335,0.48815507,0.33390895,0.0,0.3,RC667_1046.00-1050.50_m_3of4_wet.JPG
0,0.1365,0.0021536252,0.58611864,0.0,0.7,RC667_1046.00-1050.50_m_3of4_wet.JPG
0,0.125,-0.44364682,0.007117556,0.0,0.2,RC667_1046.00-1050.50_m_3of4_wet.JPG
0,0.23725,-0.069633886,0.89973533,0.0,0.2,RC667_1046.00-1050.50_m_3of4_wet.JPG
0,0.25825,-0.040201005,0.5000528,0.0,0.2,RC667_1046.00-1050.50_m_3of4_wet.JPG
0,0.26525,-0.07860732,0.94625056,0.0,0.2,RC667_1046.00-1050.50_m_3of4_wet.JPG
0,0.28625,-0.44185212,0.15848568,0.0,0.2,RC667_1046.00-1050.50_m_3of4_wet.JPG
0,0.3795,-0.36826992,0.03238176,1.0,0.2,RC667_1046.00-1050.50_m_3of4_wet.JPG
0,0.4235,-0.31622398,0.34943336,0.0,0.3,RC667_1046.00-1050.50_m_3of4_wet.JPG
0,0.4375,-0.34170854,0.6557591,0.0,0.2,RC667_1046.00-1050.50_m_3of4_wet.JPG
0,-0.551,-0.12775157,0.0011322891,0.0,0.2,RC667_883.60_891.90_m_WET.JPG
0,-0.435,0.24606918,0.19983634,0.0,0.5,RC667_883.60_891.90_m_WET.JPG
0,-0.4055,-0.21029875,0.40721518,0.0,0.9,RC667_883.60_891.90_m_WET.JPG
0,-0.434,-0.014150944,2.1164338e-05,0.0,0.4,RC667_883.60_891.90_m_WET.JPG
0,-0.44475,-0.40015724,0.06998123,0.0,0.5,RC667_883.60_891.90_m_WET.JPG
0,-0.4015,-0.11517295,1.4983767e-10,0.0,0.3,RC667_883.60_891.90_m_WET.JPG
1,-0.3145,0.09787736,0.24704751,1.0,0.4,RC667_883.60_891.90_m_WET.JPG
0,-0.33275,-0.31996855,0.04453028,0.0,0.5,RC667_883.60_891.90_m_WET.JPG
0,-0.39425,0.39937106,0.41075617,0.0,0.4,RC667_883.60_891.90_m_WET.JPG
0,-0.32775,-0.40212265,0.3389745,0.0,0.3,RC667_883.60_891.90_m_WET.JPG
0,-0.26225,-0.016509434,0.065346554,0.0,0.7,RC667_883.60_891.90_m_WET.JPG
0,-0.242,-0.3966195,0.4630151,0.0,0.5,RC667_883.60_891.90_m_WET.JPG
0,0.0065,-0.10298742,0.99351627,0.0,0.3,RC667_883.60_891.90_m_WET.JPG
0,-0.0015,-0.19654088,0.060159903,0.0,0.4,RC667_883.60_891.90_m_WET.JPG
0,0.0,0.0,2.2337633e-06,0.0,0.5,RC667_883.60_891.90_m_WET.JPG
0,-0.00325,-0.3926887,0.012855857,0.0,0.4,RC667_883.60_891.90_m_WET.JPG
0,0.0295,0.25117925,0.16339247,0.0,0.6,RC667_883.60_891.90_m_WET.JPG
0,0.1505,-0.34158805,0.24626462,1.0,0.6,RC667_883.60_891.90_m_WET.JPG
1,0.0805,0.0947327,0.63481545,1.0,0.5,RC667_883.60_891.90_m_WET.JPG
0,0.07575,0.3962264,0.16541,0.0,0.6,RC667_883.60_891.90_m_WET.JPG
0,0.1525,-0.00039308175,0.01981861,1.0,0.5,RC667_883.60_891.90_m_WET.JPG
0,0.19425,-0.11084906,0.38026655,0.0,0.3,RC667_883.60_891.90_m_WET.JPG
0,0.271,-0.3038522,0.5114587,0.0,0.2,RC667_883.60_891.90_m_WET.JPG
0,0.369,0.5125786,0.440611,1.0,0.5,RC667_883.60_891.90_m_WET.JPG
0,0.3475,0.5204403,0.07215679,1.0,0.3,RC667_883.60_891.90_m_WET.JPG
0,0.353,0.1529088,0.78935355,0.0,0.2,RC667_883.60_891.90_m_WET.JPG
0,0.39175,0.5283019,0.47947952,0.0,0.2,RC667_883.60_891.90_m_WET.JPG
0,0.3975,0.4418239,0.5023932,1.0,0.2,RC667_883.60_891.90_m_WET.JPG
0,0.399,0.4874214,0.4787022,1.0,0.2,RC667_883.60_891.90_m_WET.JPG
0,0.4045,0.46698114,0.010261073,0.0,0.2,RC667_883.60_891.90_m_WET.JPG
0,-0.5375,0.55245537,0.0008133115,1.0,0.2,RC667_891.90_900.25_m_DRY.JPG
0,-0.11275,0.078869045,0.40685895,1.0,0.2,RC667_891.90_900.25_m_DRY.JPG
0,-0.11675,0.09933036,0.004672714,0.0,0.3,RC667_891.90_900.25_m_DRY.JPG
0,-0.1085,0.05282738,0.00056135276,0.0,0.2,RC667_891.90_900.25_m_DRY.JPG
0,0.046,0.11755952,0.0010741495,0.0,0.6,RC667_891.90_900.25_m_DRY.JPG
0,-0.03325,0.6484375,0.19310246,0.0,0.5,RC667_891.90_900.25_m_DRY.JPG
0,-0.4785,0.5505952,0.011226602,0.0,0.4,RC667_891.90_900.25_m_DRY.JPG
0,0.00575,0.22805059,0.4284679,0.0,0.9,RC667_891.90_900.25_m_DRY.JPG
0,-0.027,0.40885416,0.00036141372,0.0,0.4,RC667_891.90_900.25_m_DRY.JPG
0,-0.027,0.04501488,0.22243358,0.0,0.4,RC667_891.90_900.25_m_DRY.JPG
0,-0.39725,0.35379463,0.3515369,0.0,0.4,RC667_891.90_900.25_m_DRY.JPG
1,-0.33375,0.06808036,0.47114745,1.0,0.5,RC667_891.90_900.25_m_DRY.JPG
0,-0.42325,0.55431545,0.0054505407,0.0,0.2,RC667_891.90_900.25_m_DRY.JPG
0,0.0,0.0,0.004797246,0.0,0.2,RC667_891.90_900.25_m_DRY.JPG
0,0.05675,0.31622022,1.504982e-08,0.0,0.3,RC667_891.90_900.25_m_DRY.JPG
0,0.025,0.0026041667,0.007096058,0.0,0.2,RC667_891.90_900.25_m_DRY.JPG
0,0.03725,0.018229166,0.994758,0.0,0.2,RC667_891.90_900.25_m_DRY.JPG
0,0.13925,0.05840774,0.54530483,0.0,0.8,RC667_891.90_900.25_m_DRY.JPG
0,-0.25725,-0.02232143,0.1893172,0.0,0.7,RC667_891.90_900.25_m_DRY.JPG
0,0.1315,0.023809524,0.14637743,1.0,1.1,RC667_891.90_900.25_m_DRY.JPG
0,0.17425,0.0014880953,0.17701814,0.0,0.2,RC667_891.90_900.25_m_DRY.JPG
0,0.17375,0.007440476,0.00020166807,0.0,0.2,RC667_891.90_900.25_m_DRY.JPG
0,0.21125,0.04092262,0.25375703,0.0,0.4,RC667_891.90_900.25_m_DRY.JPG
0,0.0,0.0,8.592742e-08,0.0,0.5,RC667_891.90_900.25_m_DRY.JPG
0,0.00325,-0.18080357,0.12866528,0.0,0.4,RC667_891.90_900.25_m_DRY.JPG
0,0.06475,0.36644346,0.06241667,0.0,0.6,RC667_891.90_900.25_m_DRY.JPG
0,0.00625,-0.35974702,1.5742913e-06,0.0,0.4,RC667_891.90_900.25_m_DRY.JPG
0,0.02325,0.23363096,0.1644154,0.0,0.6,RC667_891.90_900.25_m_DRY.JPG
1,0.0775,0.09188988,0.9069574,1.0,0.5,RC667_891.90_900.25_m_DRY.JPG
0,0.074,-0.2845982,0.20158198,0.0,0.5,RC667_891.90_900.25_m_DRY.JPG
0,0.044,-0.090773806,0.6485408,0.0,0.3,RC667_891.90_900.25_m_DRY.JPG
0,0.01625,-0.42485118,0.013098425,0.0,0.2,RC667_891.90_900.25_m_DRY.JPG
0,0.14925,0.008184524,0.17516455,1.0,0.5,RC667_891.90_900.25_m_DRY.JPG
0,0.20625,-0.08147322,0.7408156,0.0,0.3,RC667_891.90_900.25_m_DRY.JPG
0,0.1865,-0.43526787,0.52721506,0.0,0.2,RC667_891.90_900.25_m_DRY.JPG
0,0.2085,0.48400298,0.76098096,0.0,0.2,RC667_891.90_900.25_m_DRY.JPG
0,0.23975,0.47544643,0.49994045,1.0,0.4,RC667_891.90_900.25_m_DRY.JPG
0,0.23625,0.4702381,0.8393064,0.0,0.2,RC667_891.90_900.25_m_DRY.JPG
0,0.27225,-0.26525298,0.5197388,0.0,0.2,RC667_891.90_900.25_m_DRY.JPG
0,0.27275,0.48028272,0.12983483,0.0,0.6,RC667_891.90_900.25_m_DRY.JPG
0,0.255,0.47098213,0.007708757,0.0,0.2,RC667_891.90_900.25_m_DRY.JPG
0,0.3,0.48363096,0.05141026,0.0,0.2,RC667_891.90_900.25_m_DRY.JPG
0,0.37375,0.4858631,0.19449063,1.0,0.5,RC667_891.90_900.25_m_DRY.JPG
0,0.34425,0.15587798,0.18793646,0.0,0.2,RC667_891.90_900.25_m_DRY.JPG
0,0.37875,0.3887649,0.9996448,1.0,0.2,RC667_891.90_900.25_m_DRY.JPG
