Y In,Y Pred,Y = 0 Prob,Y = 1 Prob,x_dist,y_dist,prob_numb,punct,num_chars
0,0,0.997930557,0.002069443,0.284249991,-0.393750012,0.014030091,-6.87E-09,0.200000003
0,0,0.99999453,5.47E-06,-0.524249971,0.496881485,0.002118505,-6.87E-09,0.200000003
0,0,0.997992729,0.002007271,-0.117749996,0.446159363,0.104149304,-6.87E-09,0.200000003
0,0,0.999380253,0.000619747,-0.129749998,0.501265049,0.498791695,-6.87E-09,0.200000003
0,0,0.9999999,1.00E-07,0.584749997,-0.337439895,0.028019553,1,0.200000003
0,0,0.999704074,0.000295926,0.015499998,-0.371157616,0.00085277,-6.87E-09,0.699999988
0,0,0.991712709,0.008287291,0.066249996,-0.112800568,0.341127872,-6.87E-09,0.300000012
0,0,0.995004861,0.004995139,-0.004749998,-0.124843948,0.849776626,-6.87E-09,0.300000012
0,0,0.999806433,0.000193567,-0.550750017,-0.311277717,0.002436734,-6.87E-09,0.200000003
0,0,0.996712611,0.003287389,-0.36074999,-0.249323428,0.208744213,-6.87E-09,0.600000024
0,0,0.999321564,0.000678436,-0.003249999,-0.391627073,0.141422108,-6.87E-09,0.699999988
0,0,0.995762725,0.004237275,-0.319499999,-0.28780964,0.088778667,-6.87E-09,0.5
0,0,0.998046701,0.001953299,0.002749999,-0.418604642,0.452495635,-6.87E-09,0.300000012
0,0,0.998573763,0.001426237,0.09025,-0.43797645,0.004085994,-6.87E-09,0.200000003
0,0,0.995642578,0.004357422,0.038249996,0.176411957,0.013879172,-6.87E-09,0.200000003
0,0,0.997594041,0.002405959,-0.034000002,0.325249165,0.001098431,-6.87E-09,0.200000003
0,0,0.9999987,1.30E-06,0.2685,-0.12956205,0.877945364,1,0.200000003
0,0,0.991699961,0.008300039,-0.002750001,-0.184852839,0.251850724,-6.87E-09,0.400000006
0,0,0.994798908,0.005201092,-0.093999997,-0.360693276,0.215469301,-6.87E-09,0.400000006
0,0,0.998827951,0.001172049,-0.0185,0.473099411,0.011420331,-6.87E-09,0.200000003
0,0,0.994031023,0.005968977,4.36E-10,-7.35E-10,2.19E-05,-6.87E-09,0.5
0,1,0.693308537,0.306691463,-0.25999999,-0.023920266,0.117315993,1,0.200000003
0,0,0.998240857,0.001759143,-0.292750001,-0.431753904,0.00071106,-6.87E-09,0.300000012
0,0,0.998203761,0.001796239,0.109999999,0.002155173,0.669541478,-6.87E-09,0.800000012
0,0,0.993805257,0.006194743,4.36E-10,-7.35E-10,0.013759336,-6.87E-09,0.5
0,0,0.992776423,0.007223577,0.192000002,-0.149939179,3.00E-05,-6.87E-09,0.300000012
0,0,0.999308278,0.000691722,-0.033750001,0.526725292,0.502643526,-6.87E-09,0.200000003
0,0,0.999997648,2.35E-06,-0.261999995,-0.384961873,0.621028006,-6.87E-09,0.800000012
0,0,0.991718907,0.008281093,-0.020500001,-0.185036942,0.248294607,-6.87E-09,0.400000006
0,0,0.998376421,0.001623579,-0.147,-0.40658915,0.000236801,-6.87E-09,0.200000003
1,1,0.252044794,0.747955206,-0.01725,0.101435713,0.269749701,1,0.5
0,0,0.993716984,0.006283016,4.36E-10,-7.35E-10,0.019430211,-6.87E-09,0.5
0,0,0.999989723,1.03E-05,0.565999985,-0.131009609,0.375111431,-6.87E-09,0.200000003
0,0,0.996654732,0.003345268,-0.256500006,-0.011082138,0.14376843,-6.87E-09,0.699999988
0,0,0.998241275,0.001758725,0.007,-0.412305504,9.46E-05,-6.87E-09,0.200000003
0,0,0.998821809,0.001178191,0.143250003,0.485276461,0.452661753,-6.87E-09,0.200000003
0,0,0.99288099,0.00711901,0.202000007,-0.153503567,1.99E-05,-6.87E-09,0.300000012
0,0,0.992579761,0.007420239,0.065750003,0.001502405,4.66E-05,-6.87E-09,0.300000012
0,0,0.999380179,0.000619821,-0.569999993,-0.182203397,0.121239111,-6.87E-09,0.200000003
0,0,0.99989681,0.00010319,0.022999998,-0.148640096,0.419319838,-6.87E-09,0.899999976
0,0,0.992182312,0.007817688,0.049749997,-0.162458465,2.14E-08,-6.87E-09,0.300000012
0,0,0.993974006,0.006025994,4.36E-10,-7.35E-10,0.001343123,-6.87E-09,0.200000003
0,0,0.999422544,0.000577456,-0.154750004,-0.438759685,0.314338177,1,0.400000006
0,0,0.995066491,0.004933509,-0.11225,-0.369496852,0.207181856,-6.87E-09,0.400000006
0,0,0.995281252,0.004718748,0.148000002,0.001732501,0.443531662,-6.87E-09,0.699999988
0,0,0.998773847,0.001226153,0.267500013,-0.174878344,0.262776047,1,0.200000003
1,1,0.218173737,0.781826263,0.13425,0.094248094,0.376409471,1,0.600000024
0,0,0.9999999,1.00E-07,0.114250004,-0.322135776,0.148364916,1,1
0,0,0.998562972,0.001437028,-0.146249995,0.51455301,0.201917559,-6.87E-09,0.200000003
0,0,0.921581929,0.078418071,-0.078749999,0.008016626,0.248264268,1,0.200000003
0,0,0.999816589,0.000183411,0.028000001,-0.148722634,0.283578694,-6.87E-09,0.899999976
0,0,0.997358797,0.002641203,0.340750009,0.137209296,0.898378551,-6.87E-09,0.200000003
0,0,0.99365764,0.00634236,-0.012,0.266919672,0.200020641,-6.87E-09,0.5
0,0,0.997052652,0.002947348,-0.555999994,-0.062581487,0.325476557,1,0.300000012
0,0,0.9999999,1.00E-07,0.656750023,-0.30859375,0.509884238,-6.87E-09,0.200000003
1,1,0.834842005,0.165157995,0.147750005,0.044629902,0.352122933,1,0.300000012
0,0,0.998554233,0.001445767,-0.396750003,0.120961957,0.488224059,-6.87E-09,0.200000003
0,0,0.994031358,0.005968642,4.36E-10,-7.35E-10,2.23E-06,-6.87E-09,0.5
1,1,0.245580734,0.754419266,-0.041999999,0.115723275,0.668858826,1,0.600000024
0,0,0.993677493,0.006322507,-0.013500001,0.268629819,0.206515938,-6.87E-09,0.5
1,1,0.165460192,0.834539808,0.054249998,0.079069771,0.446295738,1,0.5
0,0,0.999400401,0.000599599,-0.560249984,0.140808344,0.137431949,-6.87E-09,0.200000003
1,1,0.655639488,0.344360512,0.065750003,0.100312509,0.055618711,1,0.300000012
0,0,0.99994448,5.55E-05,-0.142250001,-0.49622643,0.64989692,-6.87E-09,0.300000012
0,0,0.999669799,0.000330201,0.423500001,-0.316223979,0.349433362,-6.87E-09,0.300000012
0,0,0.992343941,0.007656059,-0.123999998,-0.036952257,0.204511404,-6.87E-09,0.200000003
0,0,0.998724577,0.001275423,0.091499999,0.478665888,0.499585658,-6.87E-09,0.200000003
0,0,0.999914908,8.51E-05,-0.363000005,-0.18403247,0.493901491,-6.87E-09,0.800000012
0,0,0.994022862,0.005977138,4.36E-10,-7.35E-10,0.00050149,-6.87E-09,0.5
0,0,0.997611683,0.002388317,0.107749999,-0.388521671,0.016315987,-6.87E-09,0.200000003
0,0,0.99999062,9.38E-06,0.098000005,-0.368214518,0.696841419,-6.87E-09,0.800000012
0,0,0.992345372,0.007654628,4.36E-10,-7.35E-10,0.171283051,-6.87E-09,0.5
0,0,0.993695269,0.006304731,-0.020500001,0.272159815,0.200153485,-6.87E-09,0.5
0,0,0.997132946,0.002867054,0.412499994,-0.008713945,2.18E-06,-6.87E-09,0.300000012
0,0,0.999705681,0.000294319,0.354250014,-0.268707484,0.499288559,-6.87E-09,0.200000003
0,0,0.999994422,5.58E-06,-0.214750007,-0.380994141,0.602860749,-6.87E-09,0.800000012
0,0,0.977095817,0.022904183,0.038749997,0.241213158,0.01245766,1,0.600000024
0,0,0.999554444,0.000445556,-0.243499994,0.51663202,0.032528795,-6.87E-09,0.200000003
0,0,0.999875431,0.000124569,0.028749999,-0.147368431,0.391519487,-6.87E-09,0.899999976
0,0,0.996280004,0.003719996,-0.40625,-0.016576454,3.00E-06,-6.87E-09,0.300000012
0,0,0.999712076,0.000287924,-0.006500002,-0.380188674,0.001788578,-6.87E-09,0.699999988
0,0,0.99756604,0.00243396,-0.375999987,0.372480631,0.3921808,-6.87E-09,0.400000006
0,0,0.999684192,0.000315808,0.042749997,-0.449152559,0.515408278,-6.87E-09,0.200000003
0,0,0.998680865,0.001319135,0.076250002,0.459689915,0.006606377,-6.87E-09,0.200000003
0,0,0.999084034,0.000915966,-0.214249998,0.451184481,0.433936149,-6.87E-09,0.200000003
0,0,0.999550497,0.000449503,-0.405499995,-0.187925175,0.612725616,-6.87E-09,0.600000024
0,0,0.995887614,0.004112386,-0.009500001,0.409651667,0.072746925,-6.87E-09,0.5
0,0,0.999714672,0.000285328,-0.570500076,-0.193937421,0.003118209,-6.87E-09,0.200000003
0,0,0.999975953,2.40E-05,-0.557250023,0.362407029,0.019988557,-6.87E-09,0.200000003
0,0,0.999840366,0.000159634,-0.547749996,0.248585567,0.465811282,1,0.200000003
0,0,0.99837393,0.00162607,-0.01925,-0.418187708,0.001623846,-6.87E-09,0.200000003
0,0,0.998168957,0.001831043,-0.394250005,0.399371028,0.410756171,-6.87E-09,0.400000006
0,0,0.998693255,0.001306745,0.367000014,-0.258457363,0.333176583,-6.87E-09,0.300000012
0,0,0.998458241,0.001541759,-0.057750002,0.443287879,0.449809104,-6.87E-09,0.200000003
0,1,0.653390581,0.346609419,-0.32675001,0.290257096,0.016348233,1,0.200000003
0,0,0.99997523,2.48E-05,0.403250009,0.346855998,0.009980059,1,0.200000003
0,0,0.999993999,6.00E-06,-0.586000025,-0.301759124,0.660210788,-6.87E-09,0.300000012
0,0,0.996848946,0.003151054,0.046249997,0.417997092,0.018920204,-6.87E-09,0.5
0,0,0.992449645,0.007550355,-0.001499999,-0.196540877,0.060159899,-6.87E-09,0.400000006
0,0,0.995013785,0.004986215,0.072750002,0.457232714,0.237925798,1,0.300000012
1,1,0.560516866,0.439483134,-0.006999999,0.100973241,0.873630702,-6.87E-09,0.5
0,0,0.995804434,0.004195566,0.580749989,0.003605771,0.304090679,1,0.300000012
0,0,0.99676375,0.00323625,-0.429250002,0.243635073,0.199399441,-6.87E-09,0.5
0,0,0.996693262,0.003306738,0.009999998,-0.189766079,0.270435512,-6.87E-09,0.699999988
0,0,0.997281797,0.002718203,-0.376249999,-0.38585785,0.189855486,-6.87E-09,0.400000006
0,0,0.994031391,0.005968609,4.36E-10,-7.35E-10,2.90E-07,-6.87E-09,0.5
0,0,0.999052026,0.000947974,-0.01675,-0.463522017,0.000948912,-6.87E-09,0.200000003
0,0,0.995280696,0.004719304,0.31825,-0.040480707,4.37E-05,-6.87E-09,0.200000003
0,0,0.994031052,0.005968948,4.36E-10,-7.35E-10,2.02E-05,-6.87E-09,0.5
0,1,0.646092496,0.353907504,0.149250001,0.008184525,0.175164551,1,0.5
0,0,0.993121929,0.006878071,-0.309749991,-0.130493581,6.50E-09,-6.87E-09,0.300000012
0,0,0.994031396,0.005968604,4.36E-10,-7.35E-10,6.50E-09,-6.87E-09,0.5
0,0,0.998181882,0.001818118,0.409000009,0.16193375,0.000682256,-6.87E-09,0.200000003
0,0,0.996009162,0.003990838,-0.083250001,-0.180183128,0.154844001,1,0.699999988
0,0,0.992628825,0.007371175,0.206249997,-0.081473216,0.74081558,-6.87E-09,0.300000012
0,0,0.994076743,0.005923257,0.149000004,-0.026910299,5.54E-05,-6.87E-09,0.200000003
0,0,0.99997478,2.52E-05,-0.553749979,-0.445945948,0.000386766,-6.87E-09,0.200000003
0,0,0.997696396,0.002303604,0.340750009,-0.143329322,0.025253242,-6.87E-09,0.5
0,1,0.519807746,0.480192254,-0.328999996,-0.124192387,0.003310165,1,0.200000003
0,0,0.998330729,0.001669271,-0.542750001,0.109871544,0.343803674,-6.87E-09,0.300000012
0,0,0.995063937,0.004936063,0.085500002,-0.296146035,0.144595057,-6.87E-09,0.5
0,0,0.995238649,0.004761351,0.305750012,-0.013915244,0.002021781,-6.87E-09,0.200000003
0,0,0.99455094,0.00544906,0.060749996,-0.309306562,0.389412761,-6.87E-09,0.5
0,0,0.999501946,0.000498054,-0.550999999,-0.127751574,0.001132286,-6.87E-09,0.200000003
0,0,0.993781295,0.006218705,0.071000002,-0.10893099,0.218429402,-6.87E-09,0.600000024
0,0,0.992948481,0.007051519,-0.540750027,-0.115618661,0.003370664,1,0.200000003
0,0,0.99997922,2.08E-05,-0.392749995,-0.200623706,0.361623496,-6.87E-09,0.899999976
1,1,0.175143704,0.824856296,-0.0195,0.133459836,0.604846239,1,0.600000024
0,0,0.991843925,0.008156075,-0.027000001,0.045014881,0.222433582,-6.87E-09,0.400000006
0,0,0.995270906,0.004729094,0.030750003,0.343274862,0.057662599,-6.87E-09,0.5
0,0,0.999930457,6.95E-05,-0.558749974,0.323337674,0.501795948,-6.87E-09,0.200000003
0,0,0.9999999,1.00E-07,-0.195749998,-0.458604962,0.999467075,-6.87E-09,0.200000003
0,0,0.992702506,0.007297494,0.129250005,-0.006082726,0.000503681,-6.87E-09,0.300000012
0,0,0.991621947,0.008378053,4.36E-10,-7.35E-10,0.235625103,-6.87E-09,0.400000006
0,0,0.999971405,2.86E-05,-0.199249998,-0.380774021,0.507788658,-6.87E-09,0.800000012
0,0,0.993725584,0.006274416,4.36E-10,-7.35E-10,0.01782321,-6.87E-09,0.200000003
0,1,0.405258056,0.594741944,-0.143749997,-0.000664451,0.192653701,1,0.5
0,0,0.997875967,0.002124033,0.384000003,-0.264884979,0.228766009,1,0.400000006
0,0,0.995352379,0.004647621,0.173500001,-0.274695545,0.003859169,-6.87E-09,0.200000003
0,0,0.997237517,0.002762483,0.011749998,-0.19069913,0.162665218,-6.87E-09,0.699999988
0,0,0.995426739,0.004573261,-0.321749985,-0.290310085,0.160153344,-6.87E-09,0.5
0,0,0.991940428,0.008059572,0.085000008,0.000981032,0.109185763,-6.87E-09,0.400000006
0,0,0.999103123,0.000896877,-0.122249998,-0.462893069,0.092186473,-6.87E-09,0.200000003
0,0,0.999682958,0.000317042,-0.308999985,-0.441472858,0.398064286,-6.87E-09,0.200000003
0,0,0.997176974,0.002823026,0.037250001,0.018229168,0.99475801,-6.87E-09,0.200000003
0,0,0.995426217,0.004573783,-0.305750012,-0.305611908,0.19787766,-6.87E-09,0.5
0,0,0.998960342,0.001039658,-0.069499999,0.469435215,0.004572234,-6.87E-09,0.200000003
0,0,0.999821317,0.000178683,0.028749999,-0.145937517,0.304740518,-6.87E-09,0.899999976
0,0,0.994167356,0.005832644,-0.29550001,-0.41511628,3.26E-05,1,0.200000003
0,0,0.999982982,1.70E-05,0.232500002,-0.407066494,0.506896317,-6.87E-09,0.800000012
0,0,0.99999581,4.19E-06,-0.53125,-0.447286814,0.343787551,1,0.300000012
0,0,0.990953177,0.009046823,0.043999996,-0.090773806,0.648540795,-6.87E-09,0.300000012
0,0,0.996886868,0.003113132,-0.142499998,-0.096874997,0.529945493,-6.87E-09,0.200000003
0,0,0.993688416,0.006311584,-0.333999962,-0.113861389,6.50E-09,-6.87E-09,0.300000012
0,0,0.99409667,0.00590333,-0.061999999,-0.28396225,0.396925867,-6.87E-09,0.5
0,0,0.999977704,2.23E-05,-0.42324999,0.554315448,0.005450538,-6.87E-09,0.200000003
0,0,0.99832845,0.00167155,-0.061749998,0.507623017,0.001544601,-6.87E-09,0.300000012
1,0,0.999491229,0.000508771,0.28975001,-0.383713961,0.257173628,1,0.5
0,0,0.991720639,0.008279361,0.033750009,-0.117836259,0.365497977,-6.87E-09,0.300000012
0,0,0.999714493,0.000285507,0.13850002,0.448450357,0.149746135,1,0.600000024
0,0,0.998609305,0.001390695,0.271750003,0.449513376,0.064761661,-6.87E-09,0.200000003
0,0,0.999736974,0.000263026,-0.528500021,-0.368644059,0.279884279,-6.87E-09,0.200000003
0,0,0.99997395,2.61E-05,0.397500008,0.4418239,0.502393186,1,0.200000003
0,0,0.998756799,0.001243201,-0.018750001,0.449748755,3.25E-05,-6.87E-09,0.200000003
0,0,0.99574155,0.00425845,0.001249999,0.273976594,0.084109001,-6.87E-09,0.600000024
0,1,0.5,0.5,4.36E-10,0.276529342,0.357337952,1,0.600000024
0,0,0.999576394,0.000423606,0.004749999,-0.383713961,0.053889282,-6.87E-09,0.699999988
0,0,0.998069818,0.001930182,0.2755,0.236562505,0.496514529,-6.87E-09,0.200000003
1,1,0.178716433,0.821283567,0.122000009,0.08667884,0.400130689,1,0.5
0,0,0.999187878,0.000812122,-0.340999991,0.336822659,0.001915551,-6.87E-09,0.200000003
0,0,0.994847809,0.005152191,0.023250002,0.23363094,0.164415404,-6.87E-09,0.600000024
0,0,0.996474517,0.003525483,-0.109250002,0.389470458,0.000913224,-6.87E-09,0.400000006
0,0,0.999956861,4.31E-05,-0.130500004,-0.089062497,0.93999815,-6.87E-09,0.200000003
0,0,0.99424045,0.00575955,-0.36225,-0.119196117,0.016692927,-6.87E-09,0.300000012
0,0,0.998741629,0.001258371,-0.46024999,0.126346022,0.449777484,-6.87E-09,0.200000003
0,0,0.898171409,0.101828591,-0.363999993,0.35068199,1.16E-05,1,0.200000003
0,0,0.992516769,0.007483231,0.041999999,0.338437498,0.496490687,-6.87E-09,0.400000006
0,0,0.994544184,0.005455816,4.36E-10,-7.35E-10,0.493608415,-6.87E-09,0.200000003
0,0,0.995817309,0.004182691,-0.0075,-0.360465109,3.20E-05,-6.87E-09,0.400000006
0,0,0.994170924,0.005829076,-0.292750001,-0.119418122,3.55E-05,-6.87E-09,0.200000003
0,0,0.997789348,0.002210652,0.035749998,0.48391813,0.19797489,-6.87E-09,0.200000003
0,0,0.994506713,0.005493287,0.25575,-0.036212623,0.003784603,-6.87E-09,0.200000003
0,0,0.998804879,0.001195121,-0.145500004,0.479266822,0.383760959,-6.87E-09,0.200000003
0,0,0.993491698,0.006508302,-0.326000005,-0.113754891,3.63E-08,-6.87E-09,0.300000012
0,0,0.994332178,0.005667822,-0.067749999,-0.301399022,0.000248439,-6.87E-09,0.400000006
0,0,0.979743175,0.020256825,-0.543500006,0.044962816,1.41E-06,1,0.200000003
0,0,0.997224737,0.002775263,-0.440250009,0.276785702,0.200297073,-6.87E-09,0.5
0,0,0.99904591,0.00095409,-0.384750009,-0.437765181,0.319840968,-6.87E-09,0.300000012
0,0,0.994031389,0.005968611,4.36E-10,-7.35E-10,4.09E-07,-6.87E-09,0.5
1,1,0.38924556,0.61075444,0.125,0.07801161,0.391491026,1,0.400000006
0,0,0.999197296,0.000802704,-0.086249992,-0.469323218,0.001296661,-6.87E-09,0.200000003
0,0,0.999626754,0.000373246,0.108250007,-0.446585566,0.496997774,-6.87E-09,0.200000003
1,1,0.863765693,0.136234307,0.077500001,0.091889881,0.906957388,1,0.5
0,0,0.993654677,0.006345323,0.194250003,-0.110849068,0.380266547,-6.87E-09,0.300000012
0,0,0.995132515,0.004867485,0.08275,0.251539409,2.98E-05,-6.87E-09,0.300000012
0,0,0.999887095,0.000112905,0.373750001,0.48586309,0.194490626,1,0.5
0,0,0.999657198,0.000342802,-0.549000025,0.057637908,4.54E-07,-6.87E-09,0.200000003
0,0,0.994411062,0.005588938,0.179499999,-0.008786851,0.035552301,-6.87E-09,0.5
0,0,0.996513045,0.003486955,-0.180250004,0.469102979,0.000623829,1,0.5
0,0,0.995253323,0.004746677,-0.004500001,0.274062544,0.288574606,-6.87E-09,0.600000024
0,0,0.998168381,0.001831619,-0.241999999,-0.396619499,0.463015109,-6.87E-09,0.5
0,0,0.999969348,3.07E-05,-0.0605,-0.417256027,0.257818252,1,0.699999988
0,0,0.994760934,0.005239066,-0.003499999,-0.123976611,0.839040339,-6.87E-09,0.300000012
0,0,0.997573603,0.002426397,-0.025250001,-0.382352948,0.054227225,-6.87E-09,0.200000003
0,0,0.999541413,0.000458587,0.215500012,-0.489368767,0.353651643,-6.87E-09,0.200000003
0,0,0.998255652,0.001744348,-0.327749997,-0.402122647,0.338974506,-6.87E-09,0.300000012
0,0,0.992922403,0.007077597,0.239750013,0.475446463,0.499940455,1,0.400000006
0,0,0.992621489,0.007378511,0.218999997,-0.004257907,0.084365167,-6.87E-09,0.300000012
0,0,0.999992248,7.75E-06,0.225500003,-0.383819968,0.624722898,-6.87E-09,0.800000012
0,0,0.999904999,9.50E-05,0.022750001,-0.148113206,0.432111084,-6.87E-09,0.899999976
0,0,0.9999999,1.00E-07,0.216499999,0.491867065,0.045698352,1,1.100000024
0,0,0.999898205,0.000101795,0.033499997,-0.42425248,0.625095963,-6.87E-09,0.699999988
0,0,0.999090108,0.000909892,0.300000012,0.483630955,0.051410265,-6.87E-09,0.200000003
0,0,0.991642978,0.008357022,-0.00375,-0.180620149,0.273100078,-6.87E-09,0.400000006
0,0,0.916668124,0.083331876,0.001249999,-0.188118815,0.015964827,1,0.400000006
0,0,0.998656732,0.001343268,0.286249995,-0.441852093,0.158485681,-6.87E-09,0.200000003
0,0,0.9990633,0.0009367,0.010249998,0.513167024,0.014611906,-6.87E-09,0.200000003
1,1,0.21323755,0.78676245,-0.01175,0.086046509,0.63923347,1,0.5
0,0,0.997596278,0.002403722,0.114749998,-0.389825225,0.024524963,-6.87E-09,0.200000003
0,0,0.992121881,0.007878119,0.077,-0.103989534,6.50E-09,-6.87E-09,0.300000012
0,0,0.997485856,0.002514144,0.024,0.488751829,0.201377556,1,0.300000012
0,0,0.999824016,0.000175984,0.02925,-0.148876399,0.304618418,-6.87E-09,0.899999976
0,0,0.996873294,0.003126706,-0.175750002,0.462790698,0.150660068,-6.87E-09,0.300000012
1,1,0.138488855,0.861511145,0.10225001,0.085336536,0.523487091,1,0.5
0,0,0.996479457,0.003520543,0.085749999,-0.315914482,0.289529771,-6.87E-09,0.600000024
0,0,0.996309644,0.003690356,-0.361750007,-0.320367754,0.18563953,-6.87E-09,0.5
0,0,0.99999807,1.93E-06,-0.543250024,-0.421145678,0.416303217,1,0.200000003
0,0,0.991737745,0.008262255,0.067000002,0.001169591,0.268420428,-6.87E-09,0.300000012
0,0,0.99953451,0.00046549,-0.107249998,-0.411627889,0.499996156,-6.87E-09,0.200000003
0,0,0.999516535,0.000483465,0.125499994,0.371141404,9.59E-05,-6.87E-09,0.699999988
0,0,0.995284219,0.004715781,-0.103,0.27950123,0.28366822,-6.87E-09,0.600000024
1,1,0.349868223,0.650131777,0.123999998,0.091228075,0.498164266,1,0.400000006
0,0,0.9999999,1.00E-07,-0.273750007,-0.400775194,0.845987678,-6.87E-09,0.200000003
0,0,0.999975112,2.49E-05,-0.380499989,-0.205882356,0.348024309,-6.87E-09,0.899999976
0,0,0.991605891,0.008394109,4.36E-10,-7.35E-10,0.247846693,-6.87E-09,0.400000006
0,0,0.997788204,0.002211796,0.319000006,0.300759017,6.71E-06,1,0.300000012
0,0,0.997389015,0.002610985,-0.397249997,0.353794634,0.3515369,-6.87E-09,0.400000006
0,0,0.99649093,0.00350907,-0.003249999,-0.392688721,0.012855864,-6.87E-09,0.400000006
0,0,0.993774043,0.006225957,-0.324499995,-0.09810555,0.361101478,-6.87E-09,0.300000012
0,0,0.993688136,0.006311864,-0.018999999,0.271033645,0.202179655,-6.87E-09,0.5
0,0,0.991618361,0.008381639,0.001249999,-0.171853855,0.245918036,-6.87E-09,0.400000006
0,0,0.994026879,0.005973121,4.36E-10,-7.35E-10,0.000265292,-6.87E-09,0.5
0,0,0.998879444,0.001120556,0.073250003,0.483734131,0.005790359,-6.87E-09,0.200000003
0,0,0.999929711,7.03E-05,-0.36500001,-0.42438069,0.521142781,-6.87E-09,0.200000003
0,0,0.999812232,0.000187768,0.028249998,-0.149038464,0.246691644,-6.87E-09,0.899999976
0,0,0.999923097,7.69E-05,-0.084749997,0.240147784,0.304423511,-6.87E-09,0.899999976
0,0,0.999993078,6.92E-06,0.079999998,-0.377358496,0.702384472,-6.87E-09,0.800000012
1,1,0.26949855,0.73050145,-0.338250011,0.084573746,0.496094227,1,0.600000024
0,0,0.993296528,0.006703472,-0.116250001,-0.087438427,2.18E-05,-6.87E-09,0.200000003
0,0,0.9999999,1.00E-07,-0.164000005,-0.434415132,0.979570508,-6.87E-09,0.200000003
0,0,0.999580177,0.000419823,-0.390500009,0.354123354,5.70E-06,-6.87E-09,0.200000003
0,0,0.992192555,0.007807445,4.36E-10,-7.35E-10,0.211213082,-6.87E-09,0.5
1,1,0.20543818,0.79456182,0.085500002,0.108966745,0.349560916,1,0.5
1,1,0.223161163,0.776838837,0.061000001,0.102466799,0.378606409,1,0.600000024
0,0,0.999954528,4.55E-05,0.459749997,-0.435776472,0.560596347,1,0.5
0,0,0.938697122,0.061302878,-0.33950001,0.378712863,0.013167149,1,0.200000003
0,0,0.999204625,0.000795375,0.115999997,-0.388011694,0.495173752,-6.87E-09,0.200000003
0,0,0.99624027,0.00375973,0.026250001,0.233734086,0.026592752,-6.87E-09,0.600000024
0,0,0.993100112,0.006899888,4.36E-10,0.196298987,0.173558041,-6.87E-09,0.5
0,0,0.99303919,0.00696081,0.184750006,-0.104263566,0.074782707,-6.87E-09,0.200000003
0,0,0.999652686,0.000347314,0.306499958,-0.193232134,0.044237815,1,0.200000003
0,0,0.997373296,0.002626704,-0.262250006,-0.016509434,0.065346561,-6.87E-09,0.699999988
0,0,0.996845326,0.003154674,-0.416500002,-0.008914729,0.000898219,-6.87E-09,0.400000006
0,0,0.993706905,0.006293095,0.139500007,-0.285849065,0.253921092,-6.87E-09,0.400000006
0,0,0.992256282,0.007743718,0.206,-0.152043268,0.116318099,-6.87E-09,0.300000012
0,0,0.994093042,0.005906958,-0.059500001,-0.28589499,0.389532804,-6.87E-09,0.5
0,0,0.999117161,0.000882839,-0.135000005,-0.457033962,0.000185511,-6.87E-09,0.200000003
0,0,0.996645416,0.003354584,-0.259499997,-0.010608205,0.148008019,-6.87E-09,0.699999988
0,0,0.994357436,0.005642564,0.296249986,-0.09385965,0.038885467,-6.87E-09,0.200000003
0,0,0.999882225,0.000117775,-0.386750013,-0.190240458,0.452163607,-6.87E-09,0.800000012
1,1,0.476981131,0.523018869,-0.33524999,0.101600982,0.507493794,1,0.400000006
0,0,0.993838872,0.006161128,4.36E-10,-7.35E-10,0.011647484,-6.87E-09,0.5
1,1,0.340547326,0.659452674,-0.020500001,0.096783631,0.044160955,1,0.400000006
0,1,0.705407002,0.294592998,0.145500004,-0.001937986,0.15358074,1,0.5
0,0,0.992799638,0.007200362,-0.004250001,-0.185031191,0.002814895,-6.87E-09,0.400000006
0,0,0.998049795,0.001950205,-0.00575,-0.370503604,0.379621893,-6.87E-09,0.200000003
0,0,0.993920255,0.006079745,4.36E-10,-7.35E-10,0.004797242,-6.87E-09,0.200000003
0,0,0.997699269,0.002300731,0.02,0.340745598,0.000189087,-6.87E-09,0.200000003
0,0,0.999810461,0.000189539,0.030250002,-0.145192936,0.228279278,-6.87E-09,0.899999976
0,0,0.999039767,0.000960233,0.123000011,-0.486378729,0.199103296,-6.87E-09,0.200000003
0,0,0.992713014,0.007286986,-0.554250002,-0.03552803,0.050231077,1,0.300000012
0,0,0.999994169,5.83E-06,0.088,-0.439700127,0.190112829,1,0.699999988
0,0,0.999759777,0.000240223,-0.01675,-0.3385382,0.237697184,1,0.699999988
0,0,0.996996666,0.003003334,-0.219500005,-0.413374871,0.243980646,-6.87E-09,0.5
0,0,0.998630677,0.001369323,0.418749988,0.215775743,0.002902887,-6.87E-09,0.200000003
0,0,0.996758915,0.003241085,0.330749989,0.143678159,0.017555555,-6.87E-09,0.200000003
0,0,0.996064091,0.003935909,-0.039000001,0.145183638,0.759975612,-6.87E-09,0.200000003
0,0,0.9994398,0.0005602,0.168750003,0.467457414,0.038441084,1,0.300000012
0,0,0.99999323,6.77E-06,0.220249996,-0.387019217,0.633981287,-6.87E-09,0.800000012
0,0,0.999964282,3.57E-05,-0.096749999,-0.256531209,0.678458869,-6.87E-09,0.800000012
0,0,0.994973806,0.005026194,-0.001000005,-0.372187495,0.225002125,-6.87E-09,0.400000006
0,0,0.9999999,1.00E-07,0.378749996,0.388764888,0.999644816,1,0.200000003
0,1,0.867227425,0.132772575,-0.349750012,0.339756578,0.013815559,1,0.200000003
1,1,0.144276194,0.855723806,0.09725,0.086142324,0.583216369,1,0.5
0,0,0.999978924,2.11E-05,-0.551750004,0.455997407,0.480863273,-6.87E-09,0.200000003
1,1,0.301578179,0.698421821,-0.314999998,0.093352191,0.605991781,1,0.5
0,0,0.992825232,0.007174768,-0.04025,-0.302631587,0.32823649,1,0.600000024
0,0,0.998580172,0.001419828,-0.482749999,0.001014884,0.010288528,-6.87E-09,0.200000003
0,0,0.993954099,0.006045901,4.36E-10,-7.35E-10,0.002615861,-6.87E-09,0.200000003
0,0,0.999998165,1.84E-06,-0.082249999,-0.439374179,0.78253305,-6.87E-09,0.200000003
0,0,0.992723323,0.007276677,0.004250002,-0.094961241,0.96684438,-6.87E-09,0.300000012
0,0,0.999952913,4.71E-05,0.391750008,0.528301895,0.479479522,-6.87E-09,0.200000003
0,0,0.993502817,0.006497183,-0.107249998,-0.091194965,0.541591287,-6.87E-09,0.300000012
0,0,0.999767485,0.000232515,0.186499998,-0.435267866,0.527215064,-6.87E-09,0.200000003
0,0,0.998669296,0.001330704,0.076750003,0.492197275,0.0362036,-6.87E-09,0.200000003
0,0,0.99669334,0.00330666,-0.414000005,-0.024678838,7.05E-05,-6.87E-09,0.400000006
0,0,0.999786263,0.000213737,-0.566250026,0.112451114,0.019138565,-6.87E-09,0.200000003
0,0,0.995706218,0.004293782,-0.091750003,-0.184693232,0.168430597,1,0.699999988
0,0,0.993618314,0.006381686,4.36E-10,-7.35E-10,0.026004618,-6.87E-09,0.5
0,0,0.994100599,0.005899401,0.289000005,-0.096938774,0.132049754,-6.87E-09,0.200000003
0,0,0.994543308,0.005456692,4.36E-10,-7.35E-10,0.493516833,-6.87E-09,0.200000003
0,0,0.998446839,0.001553161,-0.143749997,-0.297361284,0.483656853,-6.87E-09,0.200000003
0,0,0.99586693,0.00413307,-0.381999999,-0.021177314,2.04E-05,-6.87E-09,0.400000006
0,0,0.999305698,0.000694302,0.312249988,0.529335082,0.119504549,-6.87E-09,0.200000003
0,0,0.995723751,0.004276249,-0.092749998,0.167615429,0.471783221,-6.87E-09,0.200000003
0,0,0.994622501,0.005377499,0.018499997,-0.290712893,0.525788069,-6.87E-09,0.5
0,0,0.996385271,0.003614729,-0.422749996,0.209939152,0.19999814,-6.87E-09,0.5
0,0,0.995701715,0.004298285,-0.004,-0.348356009,6.50E-09,1,0.400000006
0,0,0.999537813,0.000462187,-0.552999973,-0.029661017,0.005530617,-6.87E-09,0.200000003
0,0,0.997355406,0.002644594,0.025499996,0.510048509,0.071841232,-6.87E-09,0.300000012
0,0,0.996429345,0.003570655,0.302749991,0.012966475,0.104268305,1,0.200000003
0,0,0.996166278,0.003833722,0.004250002,-0.374012917,8.43E-06,-6.87E-09,0.400000006
0,0,0.999999754,2.46E-07,-0.2465,-0.386071682,0.72165519,-6.87E-09,0.800000012
0,0,0.999859181,0.000140819,0.293249995,-0.283681214,0.166777611,1,0.200000003
0,0,0.99253455,0.00746545,-0.206,-0.001248439,0.000452942,-6.87E-09,0.300000012
0,0,0.997806909,0.002193091,0.093500003,0.454485059,0.001748419,1,0.400000006
0,0,0.99897087,0.00102913,0.280750006,0.376824826,0.475926608,-6.87E-09,0.200000003
0,0,0.999998981,1.02E-06,0.4375,-0.341708541,0.655759096,-6.87E-09,0.200000003
0,0,0.995737203,0.004262797,0.013749998,0.228194728,0.053137921,-6.87E-09,0.600000024
0,0,0.996209636,0.003790364,0.282999992,0.122812502,2.69E-05,-6.87E-09,0.200000003
0,0,0.992679476,0.007320524,4.36E-10,-7.35E-10,0.001077122,-6.87E-09,0.400000006
0,0,0.999601219,0.000398781,-0.001499999,-0.143521592,0.826996028,1,0.300000012
0,0,0.992511344,0.007488656,0.021249998,-0.093031123,0.135563537,-6.87E-09,0.200000003
0,0,0.999716325,0.000283675,0.402249992,0.43035835,0.251621813,-6.87E-09,0.400000006
0,0,0.996582309,0.003417691,-0.255499989,-0.015223275,0.252899408,-6.87E-09,0.699999988
0,0,0.994990047,0.005009953,-0.146750003,-0.334905654,4.98E-06,-6.87E-09,0.400000006
0,0,0.999372815,0.000627185,0.270999998,-0.303852201,0.511458695,-6.87E-09,0.200000003
0,0,0.996813018,0.003186982,-0.093500003,0.261543334,0.490450114,-6.87E-09,0.200000003
0,0,0.993596999,0.006403001,0.199000001,-0.14993991,0.333230227,-6.87E-09,0.300000012
0,0,0.999169806,0.000830194,0.368999988,0.512578607,0.440611005,1,0.5
0,0,0.998912722,0.001087278,-0.065499999,0.479371965,0.017233839,-6.87E-09,0.200000003
0,0,0.998991276,0.001008724,0.272000015,-0.482724249,0.232299909,-6.87E-09,0.400000006
0,0,0.997433553,0.002566447,0.208499998,0.484003007,0.760980964,-6.87E-09,0.200000003
0,0,0.992724846,0.007275154,-0.190750003,-0.409302324,0.001098461,1,0.200000003
0,0,0.999959391,4.06E-05,0.147750005,-0.469521075,0.091976188,1,0.300000012
0,0,0.998415432,0.001584568,0.183750004,-0.435271323,0.025676047,-6.87E-09,0.200000003
0,0,0.999199629,0.000800371,-0.104249999,-0.422093034,0.117883466,1,0.400000006
0,0,0.999771089,0.000228911,0.0605,-0.486710966,0.488766223,-6.87E-09,0.200000003
0,0,0.995283935,0.004716065,-0.034499999,0.446159363,0.011407844,1,0.200000003
0,0,0.997542339,0.002457661,0.1505,0.498232007,0.232224345,-6.87E-09,0.400000006
0,0,0.999776836,0.000223164,-0.444750011,-0.446511596,0.115469329,-6.87E-09,0.200000003
0,0,0.995253454,0.004746546,0.00325,-0.33423546,5.42E-06,-6.87E-09,0.400000006
0,0,0.980239973,0.019760027,-0.004749998,0.33972019,0.108850934,1,0.600000024
1,1,0.340641979,0.659358021,-0.286000013,0.064232588,0.041824825,1,0.5
0,0,0.99268374,0.00731626,0.128250003,-0.0090625,0.00010576,-6.87E-09,0.300000012
0,0,0.995297149,0.004702851,0.032999996,-0.111638956,0.499783009,-6.87E-09,0.200000003
0,0,0.999173521,0.000826479,0.237250015,-0.069633886,0.899735332,-6.87E-09,0.200000003
0,0,0.991745178,0.008254822,0.017000001,-0.100717083,0.668916941,-6.87E-09,0.300000012
0,0,0.997019758,0.002980242,-0.092249997,-0.186435521,0.200925782,-6.87E-09,0.699999988
1,1,0.165962676,0.834037324,0.080499999,0.094732709,0.634815454,1,0.5
0,0,0.993769959,0.006230041,4.36E-10,-7.35E-10,0.016004568,-6.87E-09,0.5
0,0,0.999245149,0.000754851,0.266499996,0.485380113,0.194329813,1,0.400000006
1,1,0.331296162,0.668703838,-0.290499985,0.073663622,0.022848552,1,0.5
0,0,0.999934513,6.55E-05,-0.451999992,0.468772471,0.500490487,-6.87E-09,0.200000003
0,0,0.995602478,0.004397522,-0.07175,-0.083273508,0.498388618,-6.87E-09,0.200000003
0,0,0.999565209,0.000434791,-0.467750013,-0.447678447,0.322016478,-6.87E-09,0.300000012
0,0,0.993436243,0.006563757,0.235499993,-0.016033255,5.69E-05,-6.87E-09,0.300000012
0,0,0.999969275,3.07E-05,0.200749993,0.482812524,0.025096035,1,0.200000003
0,0,0.999733768,0.000266232,0.061999995,-0.433062881,0.449658364,1,0.300000012
0,0,0.991674383,0.008325617,0.069499999,0.003266032,0.264731646,-6.87E-09,0.400000006
0,0,0.995140455,0.004859545,-0.103749998,-0.114051096,0.650370538,-6.87E-09,0.300000012
0,0,0.996852837,0.003147163,-0.405999988,0.221105531,0.178511024,-6.87E-09,0.600000024
0,0,0.999209122,0.000790878,0.272249997,-0.265252948,0.519738793,-6.87E-09,0.200000003
0,0,0.992728292,0.007271708,0.142749995,0.354667634,0.010243646,1,0.5
0,0,0.998598091,0.001401909,0.07,0.47735852,0.00076305,1,0.300000012
0,0,0.997045049,0.002954951,-0.42324999,-0.006844851,8.67E-05,-6.87E-09,0.400000006
0,0,0.997915849,0.002084151,0.388999999,-0.292625159,0.166302711,-6.87E-09,0.200000003
0,0,0.994297453,0.005702547,-0.555000007,-0.024340771,0.03139215,1,0.200000003
0,0,0.999228026,0.000771974,0.165999994,-0.48903656,0.000264353,-6.87E-09,0.200000003
0,0,0.992849201,0.007150799,0.19675,-0.156679153,4.83E-07,-6.87E-09,0.300000012
0,0,0.9999999,1.00E-07,0.02575,0.332500011,0.180416301,1,0.899999976
1,1,0.129472377,0.870527623,0.150999993,0.091230549,0.594157398,1,0.5
0,0,0.998459222,0.001540778,-0.449750006,-0.390310049,0.290916204,-6.87E-09,0.5
0,0,0.997626146,0.002373854,-0.026000001,-0.3798742,0.012682564,-6.87E-09,0.200000003
0,0,0.989999532,0.010000468,-0.100500003,-0.182897866,0.249876291,1,0.699999988
0,0,0.995405986,0.004594014,0.061749998,-0.304387033,0.561301112,-6.87E-09,0.5
0,0,0.995937777,0.004062223,-0.256999999,-0.000923646,0.026528424,-6.87E-09,0.600000024
0,0,0.998270319,0.001729681,-0.158500001,-0.26826793,0.492340744,-6.87E-09,0.200000003
0,0,0.997701205,0.002298795,-0.428750008,-0.369295925,0.246408254,-6.87E-09,0.400000006
0,0,0.993269913,0.006730087,0.22225,-0.009615385,0.003986037,-6.87E-09,0.300000012
0,0,0.991687358,0.008312642,0.065250002,0.0033455,0.10897433,-6.87E-09,0.300000012
0,0,0.999999803,1.97E-07,-0.265500009,-0.445241213,0.781196177,-6.87E-09,0.200000003
0,0,0.996272681,0.003727319,0.017999999,0.349459171,0.000248126,-6.87E-09,0.300000012
0,0,0.999676129,0.000323871,-0.397249997,-0.442480952,0.000984333,-6.87E-09,0.200000003
0,0,0.999999389,6.11E-07,-0.030999999,-0.273242623,0.996896923,-6.87E-09,0.200000003
1,1,0.174306186,0.825693814,0.109750003,0.088331163,0.406331807,1,0.5
0,0,0.994022937,0.005977063,4.36E-10,-7.35E-10,0.000497094,-6.87E-09,0.5
0,0,0.999781191,0.000218809,-0.271750003,-0.400000006,0.515232682,-6.87E-09,0.200000003
0,0,0.997035948,0.002964052,-0.297749996,-0.279195011,0.339075685,-6.87E-09,0.600000024
0,0,0.999892043,0.000107957,0.462749958,-0.012019233,0.026354467,1,0.200000003
0,0,0.998002359,0.001997641,-0.179000005,0.501060843,0.001401401,1,0.200000003
0,0,0.99877553,0.00122447,0.356999993,-0.433962256,0.01133082,-6.87E-09,0.300000012
0,0,0.99508484,0.00491516,-0.002500001,-0.377028704,0.237071887,-6.87E-09,0.400000006
0,0,0.996195067,0.003804933,0.02925,0.344669729,0.000699497,-6.87E-09,0.300000012
0,0,0.998776221,0.001223779,-0.141749993,-0.431372553,1.26E-07,-6.87E-09,0.200000003
0,0,0.99853273,0.00146727,-0.187999994,-0.409689933,8.63E-05,-6.87E-09,0.200000003
0,0,0.999999873,1.27E-07,-0.537500024,0.552455366,0.000813312,1,0.200000003
0,0,0.998361866,0.001638134,0.124500006,-0.297752798,0.511810362,-6.87E-09,0.200000003
0,0,0.999999327,6.73E-07,-0.229499996,-0.38155061,0.694483697,-6.87E-09,0.800000012
0,0,0.999356292,0.000643708,-0.564249992,-0.071670048,0.068587966,-6.87E-09,0.200000003
0,0,0.992726008,0.007273992,0.128000006,0.002325583,0.002678028,-6.87E-09,0.300000012
0,0,0.9999999,1.00E-07,-0.552999973,0.448826611,0.981633902,-6.87E-09,0.200000003
0,0,0.992566875,0.007433125,0.064499997,0.00062422,0.000295795,-6.87E-09,0.300000012
0,0,0.999999808,1.92E-07,-0.260500014,-0.368970007,0.737803221,-6.87E-09,0.800000012
0,0,0.998735013,0.001264987,0.1505,-0.34158805,0.246264622,1,0.600000024
0,0,0.988597461,0.011402539,0.248999998,0.31264171,0.151228696,1,0.600000024
0,0,0.992496484,0.007503516,4.36E-10,-7.35E-10,0.016116044,-6.87E-09,0.400000006
0,0,0.998610318,0.001389682,-0.256500006,0.46051687,0.156598583,-6.87E-09,0.200000003
0,0,0.997662886,0.002337114,0.05525,0.511973858,0.333279669,-6.87E-09,0.300000012
0,0,0.998473355,0.001526645,-0.006250001,-0.487375379,0.32539776,-6.87E-09,0.300000012
0,0,0.999474416,0.000525584,-0.171749994,0.506718516,5.62E-05,-6.87E-09,0.200000003
0,0,0.999954825,4.52E-05,-0.351000011,-0.433333337,0.495955408,1,0.200000003
0,0,0.997406564,0.002593436,0.0275,0.352463961,0.026600039,-6.87E-09,0.600000024
0,0,0.993925155,0.006074845,4.36E-10,-7.35E-10,0.00633759,-6.87E-09,0.5
0,0,0.995270109,0.004729891,-0.100000001,0.003795064,0.033489607,-6.87E-09,0.600000024
0,0,0.999927631,7.24E-05,-0.54400003,0.269923776,6.50E-09,-6.87E-09,0.200000003
0,0,0.999294538,0.000705462,-0.004250001,-0.380709171,0.126723319,-6.87E-09,0.699999988
0,0,0.996513246,0.003486754,-0.194250003,-0.397286832,0.053980432,1,0.200000003
0,0,0.998017701,0.001982299,-0.077,0.484503508,0.164888352,-6.87E-09,0.200000003
0,0,0.995549121,0.004450879,0.269250005,-0.253044665,0.044107817,-6.87E-09,0.400000006
0,0,0.9999999,1.00E-07,-0.237499997,-0.42112124,0.924472272,-6.87E-09,0.200000003
0,0,0.979124088,0.020875912,-0.03475,-0.283681214,0.358136296,1,0.5
0,0,0.995752705,0.004247295,-0.09725,0.003597121,0.005482382,-6.87E-09,0.600000024
0,0,0.992750393,0.007249607,0.004999999,-0.178617999,0.005800894,-6.87E-09,0.400000006
0,0,0.993948352,0.006051648,4.36E-10,-7.35E-10,0.004935763,-6.87E-09,0.5
0,0,0.999732742,0.000267258,-0.555999994,0.092242502,0.008106179,-6.87E-09,0.200000003
0,0,0.993908023,0.006091977,0.087250009,-0.166182876,0.001226611,-6.87E-09,0.200000003
0,0,0.997885249,0.002114751,-0.504750013,0.095980607,0.281962574,-6.87E-09,0.200000003
0,0,0.998618312,0.001381688,0.229750022,-0.292179793,0.470936537,-6.87E-09,0.200000003
0,0,0.998790247,0.001209753,0.075750001,0.465116322,0.00022561,-6.87E-09,0.200000003
0,0,0.994187698,0.005812302,-0.257499993,-0.003654484,3.63E-08,-6.87E-09,0.200000003
0,0,0.999613679,0.000386321,-0.556999981,0.01988266,0.01155006,-6.87E-09,0.200000003
0,0,0.9987316,0.0012684,0.129500002,0.455813944,0.000292382,-6.87E-09,0.200000003
0,0,0.999887727,0.000112273,0.41049999,0.381681889,0.499907464,-6.87E-09,0.200000003
0,0,0.99395369,0.00604631,4.36E-10,-7.35E-10,0.002642131,-6.87E-09,0.200000003
0,0,0.998223836,0.001776164,-0.547500014,-0.101081811,0.089997672,1,0.200000003
0,0,0.996719334,0.003280666,-0.390500009,-0.337956697,0.127079412,-6.87E-09,0.400000006
0,0,0.997650706,0.002349294,0.076250002,0.513513505,0.310820818,-6.87E-09,0.300000012
0,0,0.998957182,0.001042818,0.054749999,-0.325842708,0.116071917,1,0.200000003
0,0,0.999968626,3.14E-05,-0.565500021,0.426301599,0.460002214,-6.87E-09,0.200000003
0,0,0.986713228,0.013286772,0.238749996,-0.115275815,0.114918597,1,0.300000012
0,0,0.998990456,0.001009544,-0.154499993,0.445287794,0.007005594,-6.87E-09,0.200000003
0,0,0.999999702,2.98E-07,-0.268249989,-0.379773706,0.531619489,-6.87E-09,0.899999976
0,0,0.998350539,0.001649461,-0.059999999,-0.418513685,0.05365444,-6.87E-09,0.200000003
0,0,0.999995535,4.46E-06,0.347499996,0.52044028,0.072156794,1,0.300000012
0,0,0.996657127,0.003342873,0.002000001,-0.421926916,0.103165366,-6.87E-09,0.400000006
1,1,0.166015217,0.833984783,-0.00225,0.097656257,0.582856596,1,0.5
0,0,0.992199922,0.007800078,0.183750004,-0.150937498,0.189793617,-6.87E-09,0.300000012
0,1,0.75228104,0.24771896,0.074000001,-0.096913137,0.452715129,1,0.400000006
0,0,0.999602775,0.000397225,-0.125249997,-0.448951989,0.228440613,1,0.400000006
0,0,0.995937535,0.004062465,0.000749998,0.275841355,0.068395533,-6.87E-09,0.600000024
0,0,0.999859392,0.000140608,-0.35225001,-0.445571333,0.4489654,-6.87E-09,0.200000003
0,0,0.995731401,0.004268599,0.129250005,-0.300000012,0.014472432,-6.87E-09,0.200000003
0,0,0.991687943,0.008312057,0.0605,0.000654022,0.227062017,-6.87E-09,0.400000006
0,0,0.999136079,0.000863921,0.320250005,-0.442767292,0.236891329,-6.87E-09,0.200000003
0,0,0.996110492,0.003889508,-0.104249999,0.175438598,0.495540202,-6.87E-09,0.200000003
0,0,0.993664181,0.006335819,-0.129250005,0.494802535,0.075749166,1,0.300000012
0,0,0.999998851,1.15E-06,0.22375001,-0.438372076,0.788353264,1,0.600000024
0,0,0.994031396,0.005968604,4.36E-10,-7.35E-10,6.50E-09,-6.87E-09,0.5
0,0,0.998214266,0.001785734,0.061999995,-0.429921776,0.129273564,-6.87E-09,0.200000003
0,0,0.991601903,0.008398097,0.045499999,-0.099685535,0.337003589,-6.87E-09,0.300000012
0,0,0.999984695,1.53E-05,0.283250004,-0.284651786,0.799346149,-6.87E-09,0.200000003
0,0,0.993062616,0.006937384,0.204500005,-0.119079836,0.093572952,-6.87E-09,0.200000003
0,0,0.999980878,1.91E-05,0.244499996,-0.413565904,0.050506346,1,0.200000003
0,0,0.995198579,0.004801421,-0.089500003,0.277044058,0.427008837,-6.87E-09,0.600000024
1,1,0.173405853,0.826594147,0.104750007,0.09127789,0.405543327,1,0.5
0,0,0.999275746,0.000724254,-0.38499999,0.299886614,0.000978417,-6.87E-09,0.200000003
0,0,0.996102827,0.003897173,-0.214750007,-0.299052775,0.111655004,-6.87E-09,0.200000003
0,0,0.999949856,5.01E-05,-0.478500009,0.550595224,0.011226601,-6.87E-09,0.400000006
0,0,0.992274038,0.007725962,-0.133499995,-0.155481726,0.329604834,-6.87E-09,0.300000012
0,0,0.999639232,0.000360768,0.404500008,0.466981173,0.01026108,-6.87E-09,0.200000003
0,0,0.999094448,0.000905552,0.320499986,0.239405438,0.002093828,1,0.200000003
0,0,0.992987832,0.007012168,0.174250007,0.001488096,0.177018136,-6.87E-09,0.200000003
0,0,0.982976008,0.017023992,0.151999995,0.472187519,0.635667205,1,0.5
0,0,0.992702489,0.007297511,0.131500006,-0.008413461,1.58E-05,-6.87E-09,0.300000012
0,0,0.993242296,0.006757704,0.092000008,0.178073093,0.310477942,-6.87E-09,0.300000012
0,0,0.994062289,0.005937711,0.006499999,-0.102987424,0.993516266,-6.87E-09,0.300000012
0,0,0.999889275,0.000110725,0.440499991,-0.198016822,0.161040798,-6.87E-09,0.699999988
0,0,0.992872084,0.007127916,-0.270249993,-0.073754154,0.087657742,-6.87E-09,0.200000003
0,0,0.998616058,0.001383942,0.101250008,0.472093046,0.469485313,-6.87E-09,0.200000003
0,0,0.9999999,1.00E-07,0.309500009,-0.482271641,0.948717713,-6.87E-09,0.200000003
0,0,0.992730269,0.007269731,0.136500001,0.002153627,0.586118639,-6.87E-09,0.699999988
0,0,0.992717233,0.007282767,0.074500002,-0.121921182,0.41618377,-6.87E-09,0.600000024
0,1,0.587539002,0.412460998,-0.421999991,-0.015939016,3.98E-05,1,0.400000006
0,0,0.992545427,0.007454573,-0.213249996,-0.005108173,0.000170148,-6.87E-09,0.300000012
0,0,0.99999578,4.22E-06,0.379500002,-0.36826992,0.032381766,1,0.200000003
0,0,0.997095446,0.002904554,-0.176249996,-0.409216911,0.002148843,-6.87E-09,0.300000012
0,0,0.993804153,0.006195847,0.154249981,0.102165096,0.250284672,-6.87E-09,0.200000003
0,0,0.999351039,0.000648961,-0.52125001,-0.306495249,0.000462881,-6.87E-09,0.300000012
0,0,0.996980071,0.003019929,0.077249996,0.365891486,0.163228735,-6.87E-09,0.600000024
0,0,0.994224809,0.005775191,0.057,0.178405315,0.294800997,-6.87E-09,0.200000003
0,0,0.997826215,0.002173785,0.088750005,0.483322442,0.171699762,-6.87E-09,0.200000003
0,0,0.999989542,1.05E-05,-0.393000007,-0.185462847,0.420469433,-6.87E-09,0.899999976
1,1,0.340514977,0.659485023,-0.314500004,0.097877361,0.247047514,1,0.400000006
0,0,0.995213831,0.004786169,-0.1065,-0.375912398,0.251201212,-6.87E-09,0.400000006
0,0,0.999969013,3.10E-05,-0.431499988,0.554988682,0.481421113,-6.87E-09,0.200000003
0,0,0.99933776,0.00066224,0.064499997,-0.425963491,0.46961993,-6.87E-09,0.200000003
0,0,0.999958593,4.14E-05,0.175750002,-0.432558149,0.026952436,1,0.200000003
0,0,0.999919773,8.02E-05,0.290250003,-0.462740391,0.499477595,-6.87E-09,0.200000003
0,0,0.99180645,0.00819355,0.069250003,-0.100253001,0.49535501,-6.87E-09,0.300000012
0,0,0.993483305,0.006516695,-0.0265,0.267495096,0.376156479,-6.87E-09,0.5
0,0,0.995906224,0.004093776,0.030750003,0.23100774,0.047047906,-6.87E-09,0.600000024
0,0,0.996959589,0.003040411,0.093500003,0.343596071,0.057402812,1,0.600000024
0,0,0.996549444,0.003450556,-0.142250001,0.175083056,0.500868738,-6.87E-09,0.200000003
0,0,0.99509707,0.00490293,-0.006999999,-0.376608193,0.216762573,-6.87E-09,0.400000006
0,0,0.99268323,0.00731677,0.139500007,-0.010985748,0.002466864,-6.87E-09,0.300000012
0,0,0.999427579,0.000572421,0.135250002,0.34511435,0.000822387,-6.87E-09,0.699999988
0,0,0.999252468,0.000747532,-0.558000028,0.02607562,0.361019403,1,0.200000003
0,0,0.99409789,0.00590211,0.126000002,-0.041203402,0.408221185,-6.87E-09,0.200000003
0,0,0.998558451,0.001441549,-0.269499987,-0.113953486,0.66657424,-6.87E-09,0.300000012
0,0,0.996235423,0.003764577,-0.350749999,-0.306999296,0.313820273,-6.87E-09,0.5
0,0,0.997652855,0.002347145,0.030750003,0.338679284,0.00126592,-6.87E-09,0.200000003
0,0,0.992732047,0.007267953,0.135749996,-0.006725146,4.98E-07,-6.87E-09,0.300000012
0,0,0.99983275,0.00016725,-0.030750001,-0.335548162,0.686926246,-6.87E-09,0.200000003
0,0,0.999610593,0.000389407,0.245749995,-0.392764002,0.015707096,-6.87E-09,0.600000024
0,0,0.996841104,0.003158896,-0.305000007,-0.012755102,0.163050756,-6.87E-09,0.699999988
0,0,0.999952568,4.74E-05,0.083250001,-0.379190385,0.547663212,-6.87E-09,0.800000012
0,0,0.998599512,0.001400488,-0.552749991,-0.138852671,0.105259098,1,0.300000012
0,0,0.999765498,0.000234502,-0.420249999,0.499653518,0.006191052,-6.87E-09,0.400000006
0,0,0.993688358,0.006311642,0.276749998,0.170937493,0.499997824,1,0.200000003
0,0,0.995253803,0.004746197,0.004999999,0.274630576,0.167087138,-6.87E-09,0.600000024
0,0,0.991683147,0.008316853,0.07175,-0.11283455,0.322617888,-6.87E-09,0.300000012
0,0,0.967003858,0.032996142,-0.077,-0.284738719,0.001202262,1,0.400000006
0,0,0.996490288,0.003509712,-0.252000004,-0.013178295,0.227824584,-6.87E-09,0.699999988
0,0,0.991792272,0.008207728,0.018750001,-0.102434076,0.662436426,-6.87E-09,0.300000012
0,0,0.99612748,0.00387252,0.020500001,-0.296783626,0.430951446,-6.87E-09,0.600000024
0,0,0.999656804,0.000343196,0.127749994,0.35936445,2.14E-08,1,0.600000024
0,0,0.995197905,0.004802095,0.038749997,0.366389543,0.104082711,-6.87E-09,0.5
0,0,0.997827595,0.002172405,0.149000004,0.455481738,0.261184931,-6.87E-09,0.200000003
0,0,0.997211939,0.002788061,-0.428000003,0.000353608,4.37E-06,-6.87E-09,0.400000006
0,0,0.999638989,0.000361011,0.27274999,0.480282724,0.129834831,-6.87E-09,0.600000024
0,0,0.999481031,0.000518969,-0.547249973,-0.043024771,0.002405486,-6.87E-09,0.200000003
0,0,0.994102176,0.005897824,-0.035250001,-0.282075465,0.441037595,-6.87E-09,0.5
0,0,0.994472771,0.005527229,0.060749996,-0.290310085,0.19450812,-6.87E-09,0.5
0,0,0.999190246,0.000809754,0.171749994,0.513788104,6.50E-09,-6.87E-09,0.200000003
0,0,0.988956127,0.011043873,0.055999998,-0.294950753,0.502073824,1,0.400000006
0,0,0.994248329,0.005751671,0.036999997,-0.279447079,0.001971311,-6.87E-09,0.400000006
0,0,0.999773362,0.000226638,0.396499991,0.324383169,0.49033317,-6.87E-09,0.200000003
0,0,0.995076604,0.004923396,0.029499996,0.251179248,0.163392469,-6.87E-09,0.600000024
0,0,0.994664453,0.005335547,0.054499995,-0.341799706,0.372056603,-6.87E-09,0.400000006
0,0,0.998077132,0.001922868,0.057749998,-0.302812487,0.642755747,-6.87E-09,0.300000012
0,0,0.997248753,0.002751247,0.033499997,0.488155067,0.333908945,-6.87E-09,0.300000012
0,1,0.550746651,0.449253349,-0.011500001,0.073891625,0.00370591,1,0.5
0,0,0.996139744,0.003860256,0.046,0.11755953,0.001074157,-6.87E-09,0.600000024
0,0,0.992720595,0.007279405,-0.168750003,0.467952907,0.000725857,1,0.200000003
0,0,0.999757741,0.000242259,0.275249988,-0.467500001,0.417291462,-6.87E-09,0.200000003
0,0,0.995644506,0.004355494,-0.401499987,-0.115172952,6.50E-09,-6.87E-09,0.300000012
0,0,0.999873933,0.000126067,0.027249996,-0.152019009,0.383811355,-6.87E-09,0.899999976
0,0,0.994151123,0.005848877,0.21950002,-0.153508767,1.34E-05,-6.87E-09,0.200000003
0,0,0.996916295,0.003083705,0.342500001,0.128748372,0.005245215,-6.87E-09,0.200000003
1,1,0.224108878,0.775891122,0.104500011,0.107322328,0.37289536,1,0.600000024
0,0,0.996662185,0.003337815,-0.429500014,0.14249821,0.194427371,-6.87E-09,0.200000003
0,0,0.993680993,0.006319007,-0.018750001,0.270467848,0.19986704,-6.87E-09,0.5
0,0,0.999926865,7.31E-05,-0.547749996,-0.329499334,0.68917501,1,0.400000006
0,0,0.993421512,0.006578488,-0.15975,-0.142960817,4.88E-06,-6.87E-09,0.200000003
0,0,0.999410201,0.000589799,-0.555750012,-0.084419817,0.000147364,-6.87E-09,0.300000012
0,1,0.875406435,0.124593565,-0.245250002,0.088039875,0.270994961,1,0.200000003
0,0,0.99641876,0.00358124,-0.027000001,0.408854157,0.000361419,-6.87E-09,0.400000006
0,0,0.993595387,0.006404613,0.211250022,0.040922627,0.25375703,-6.87E-09,0.400000006
0,0,0.996048825,0.003951175,-0.414000005,-0.106575966,4.76E-06,-6.87E-09,0.300000012
0,0,0.992730332,0.007269668,0.236249998,0.47023809,0.839306414,-6.87E-09,0.200000003
0,0,0.99491464,0.00508536,-0.24425,-0.427234918,0.001269049,1,0.200000003
0,0,0.999927523,7.25E-05,-0.556500018,0.324881673,0.500280142,-6.87E-09,0.200000003
0,0,0.993797445,0.006202555,-0.015000001,0.280878872,0.203720778,-6.87E-09,0.5
0,0,0.992654379,0.007345621,0.023749996,-0.1246875,0.133691698,-6.87E-09,0.200000003
0,0,0.90185441,0.09814559,-0.074000001,0.417924523,0.258697957,1,0.400000006
0,0,0.997012998,0.002987002,0.10800001,-0.304136246,0.543614328,-6.87E-09,0.300000012
0,0,0.996008348,0.003991652,0.0495,0.335158139,0.004049963,-6.87E-09,0.300000012
0,0,0.996754565,0.003245435,-0.266499996,-0.307256222,0.208194017,-6.87E-09,0.200000003
0,0,0.993967268,0.006032732,4.36E-10,-7.35E-10,0.001773051,-6.87E-09,0.200000003
0,0,0.999386674,0.000613326,0.371250004,-0.483473569,0.000208727,-6.87E-09,0.300000012
0,0,0.996558567,0.003441433,-0.250750005,-0.019269777,0.162954152,-6.87E-09,0.699999988
0,0,0.99999758,2.42E-06,-0.580500007,0.464817345,0.017171448,-6.87E-09,0.200000003
0,0,0.99988041,0.00011959,0.315250009,-0.326578081,0.582289636,-6.87E-09,0.200000003
0,0,0.996181357,0.003818643,0.004999999,-0.374566883,8.56E-07,-6.87E-09,0.400000006
0,0,0.992724936,0.007275064,0.196250007,0.001502405,0.500000358,1,0.200000003
0,0,0.999950443,4.96E-05,0.005750001,0.228050575,0.4284679,-6.87E-09,0.899999976
0,0,0.997711343,0.002288657,0.070500001,-0.450456321,0.326867044,-6.87E-09,0.5
0,0,0.99821058,0.00178942,-0.120499998,-0.375,0.576644421,-6.87E-09,0.400000006
0,0,0.999095434,0.000904566,-0.072999999,-0.448837221,0.020433953,1,0.200000003
0,0,0.994241952,0.005758048,-0.088749997,0.119544603,0.057743721,-6.87E-09,0.200000003
0,0,0.99994092,5.91E-05,0.319499999,-0.303289056,0.648891807,-6.87E-09,0.200000003
0,0,0.99888939,0.00111061,-0.444750011,-0.400157243,0.06998124,-6.87E-09,0.5
0,0,0.999943904,5.61E-05,0.30675,-0.363377601,0.380755782,1,0.200000003
0,0,0.993756175,0.006243825,0.029499996,-0.30836454,0.145100579,-6.87E-09,0.400000006
0,0,0.992683153,0.007316847,0.1285,-0.008426967,0.000512115,-6.87E-09,0.300000012
0,0,0.999960739,3.93E-05,0.198249996,-0.421705425,0.007519416,1,0.200000003
0,0,0.996866409,0.003133591,-0.232500002,-0.01615219,0.102848537,-6.87E-09,0.699999988
0,0,0.998991861,0.001008139,0.00725,-0.46981132,0.246444836,-6.87E-09,0.200000003
0,0,0.999987412,1.26E-05,-0.390500009,-0.189147279,0.407195628,-6.87E-09,0.899999976
0,0,0.977509521,0.022490479,0.01125,-0.217275754,0.00208003,1,0.5
0,0,0.921336724,0.078663276,0.156000003,0.33122924,0.114120297,1,0.400000006
0,0,0.999483467,0.000516533,-0.540250003,-0.302435726,0.193415612,-6.87E-09,0.200000003
0,0,0.996307756,0.003692244,0.208749995,-0.205228359,0.205457643,-6.87E-09,0.600000024
0,0,0.991627775,0.008372225,-0.079499997,-0.096795298,0.301348269,-6.87E-09,0.300000012
0,0,0.999388764,0.000611236,-0.540499985,-0.085926451,1.81E-05,-6.87E-09,0.200000003
0,0,0.996635742,0.003364258,0.01275,-0.187500015,0.325562626,-6.87E-09,0.699999988
0,0,0.998806666,0.001193334,-0.081249997,-0.428925037,0.003705225,1,0.400000006
0,0,0.999906384,9.36E-05,0.341749996,-0.3898305,0.508296013,-6.87E-09,0.200000003
0,0,0.994322995,0.005677005,-0.108499996,0.052827381,0.000561348,-6.87E-09,0.200000003
0,0,0.992719214,0.007280786,0.132249996,-0.006009615,0.000220737,-6.87E-09,0.300000012
1,1,0.340491768,0.659508232,-0.38350001,0.098356016,0.000216431,1,0.200000003
0,0,0.99876887,0.00123113,0.002500002,0.205315635,0.020724153,1,0.699999988
0,0,0.997354336,0.002645664,0.064750001,0.366443455,0.062416665,-6.87E-09,0.600000024
0,0,0.993995133,0.006004867,4.36E-10,-7.35E-10,4.39E-07,-6.87E-09,0.200000003
0,0,0.991461504,0.008538496,0.090750009,-0.101700455,0.091830216,-6.87E-09,0.300000012
0,0,0.99841665,0.00158335,0.016249999,-0.424851149,0.013098425,-6.87E-09,0.200000003
0,1,0.85124648,0.14875352,0.150250003,-0.00195567,0.061226122,1,0.5
0,0,0.999990348,9.65E-06,-0.405499995,-0.210298747,0.407215178,-6.87E-09,0.899999976
0,0,0.9999999,1.00E-07,-0.205750003,-0.437058002,0.308697522,1,0.899999976
0,0,0.997612003,0.002387997,0.011749998,0.350628912,0.010412103,1,0.600000024
0,0,0.997204157,0.002795843,0.274500012,0.092635669,0.437176496,-6.87E-09,0.200000003
0,0,0.994176074,0.005823926,0.13850002,-0.002770935,0.025772637,-6.87E-09,0.5
0,0,0.9999999,1.00E-07,-0.530749977,-0.334419817,0.994223714,1,0.200000003
0,0,0.993852444,0.006147556,4.36E-10,-7.35E-10,0.009237981,-6.87E-09,0.200000003
0,0,0.99438813,0.00561187,0.074000001,-0.284598202,0.201581985,-6.87E-09,0.5
0,0,0.999252359,0.000747641,-0.172250003,0.512729824,0.404397994,-6.87E-09,0.200000003
0,0,0.996454458,0.003545542,-0.021500001,0.360877395,0.291971654,-6.87E-09,0.200000003
0,0,0.999704756,0.000295244,0.457249999,-0.314603359,0.24253884,-6.87E-09,0.400000006
0,0,0.999996748,3.25E-06,0.230000004,0.310893089,0.000705949,1,0.699999988
0,0,0.999048329,0.000951671,0.254999995,0.470982134,0.007708765,-6.87E-09,0.200000003
0,0,0.999994417,5.58E-06,0.398999989,0.487421393,0.478702188,1,0.200000003
0,0,0.997618873,0.002381127,0.115250006,-0.387773722,0.009737543,-6.87E-09,0.200000003
0,0,0.994028071,0.005971929,4.36E-10,-7.35E-10,0.000195242,-6.87E-09,0.5
0,0,0.998822992,0.001177008,0.216000006,0.479088664,0.347214699,-6.87E-09,0.200000003
0,0,0.998045166,0.001954834,-0.47025001,0.226657644,0.164829209,-6.87E-09,0.600000024
0,0,0.998681648,0.001318352,-0.348749995,-0.442715704,0.229798555,-6.87E-09,0.300000012
0,0,0.999943472,5.65E-05,-0.29550001,-0.443422914,0.496340156,1,0.200000003
0,0,0.998309132,0.001690868,-0.327499986,0.456568569,0.441903472,-6.87E-09,0.400000006
0,0,0.999147038,0.000852962,-0.551500022,-0.116362453,0.038826205,-6.87E-09,0.400000006
0,0,0.996405488,0.003594512,-0.416000009,0.231782928,0.199997827,-6.87E-09,0.5
0,0,0.991614113,0.008385887,4.36E-10,-7.35E-10,0.241909504,-6.87E-09,0.400000006
0,0,0.9999999,1.00E-07,0.131500006,0.023809526,0.146377429,1,1.100000024
0,0,0.993338429,0.006661571,4.36E-10,-7.35E-10,0.046327792,-6.87E-09,0.5
0,0,0.999997736,2.26E-06,-0.29975,-0.348356009,0.633583307,-6.87E-09,0.800000012
0,0,0.999474526,0.000525474,-0.094499998,-0.421773136,0.329997391,1,0.300000012
0,0,0.999000259,0.000999741,0.352999985,0.152908802,0.789353549,-6.87E-09,0.200000003
0,0,0.999326621,0.000673379,-0.538999975,-0.083502367,0.009258485,-6.87E-09,0.200000003
0,0,0.999507939,0.000492061,0.284750015,0.530638874,0.000325358,-6.87E-09,0.200000003
0,0,0.996936609,0.003063391,0.243249997,0.146173969,0.491880655,-6.87E-09,0.200000003
0,0,0.997631503,0.002368497,0.004999999,0.010985746,0.879954994,-6.87E-09,0.200000003
0,0,0.996587454,0.003412546,-0.42750001,0.223272488,0.198300734,-6.87E-09,0.5
0,0,0.999973658,2.63E-05,0.021999996,-0.408769459,0.012915499,-6.87E-09,0.800000012
0,0,0.997983314,0.002016686,-0.166500002,0.450466633,0.154915646,-6.87E-09,0.200000003
0,0,0.994031395,0.005968605,4.36E-10,-7.35E-10,8.10E-08,-6.87E-09,0.5
0,0,0.999996197,3.80E-06,-0.153750002,0.463122934,0.084126852,1,0.699999988
0,0,0.994957587,0.005042413,0.296499997,-0.129062504,0.205604687,-6.87E-09,0.200000003
0,0,0.992713893,0.007286107,-0.256249994,0.228903636,0.495942682,1,0.200000003
0,0,0.999997815,2.19E-06,-0.197999999,-0.376562506,0.662279308,-6.87E-09,0.800000012
0,0,0.997847271,0.002152729,-0.252999991,0.268438548,0.002304382,-6.87E-09,0.200000003
0,0,0.999868695,0.000131305,-0.544749975,-0.44005546,0.054972671,-6.87E-09,0.300000012
0,0,0.999998315,1.69E-06,-0.248249993,-0.043853819,0.993478179,-6.87E-09,0.200000003
0,0,0.994622601,0.005377399,0.089750007,0.276487648,0.048793443,-6.87E-09,0.300000012
0,0,0.9999999,1.00E-07,-0.035750002,-0.43217054,0.966378689,-6.87E-09,0.200000003
0,0,0.996314613,0.003685387,0.024749998,0.35985747,0.004359371,-6.87E-09,0.300000012
0,0,0.999891576,0.000108424,-0.484750003,-0.442715704,0.012035183,-6.87E-09,0.200000003
0,0,0.999081049,0.000918951,0.387499988,0.356082022,0.19905135,-6.87E-09,0.200000003
0,0,0.999429776,0.000570224,-0.510249972,-0.088011093,0.502683759,1,0.200000003
1,1,0.14265206,0.85734794,-0.000500001,0.127969116,0.491384089,1,0.5
0,0,0.999322111,0.000677889,-0.02925,-0.428617984,0.023162505,1,0.400000006
0,0,0.996090271,0.003909729,-0.550000012,-0.144016221,8.02E-06,1,0.300000012
0,0,0.9999999,1.00E-07,0.373250008,-0.292963475,0.98947221,-6.87E-09,0.200000003
0,0,0.976349376,0.023650624,-0.550999999,0.067951329,0.000723294,1,0.300000012
0,0,0.999999896,1.04E-07,0.149250001,-0.29396984,0.235900581,1,0.899999976
1,1,0.21822534,0.78177466,0.040750001,0.116415955,0.686938763,1,0.5
0,0,0.993634862,0.006365138,-0.048250001,-0.266187042,0.011030785,-6.87E-09,0.400000006
0,0,0.991867271,0.008132729,0.086999997,0.001897532,0.136521354,-6.87E-09,0.400000006
1,1,0.140465157,0.859534843,0.079499997,0.110544227,0.492412269,1,0.600000024
0,0,0.991736856,0.008263144,0.019249998,-0.139695227,0.333652407,-6.87E-09,0.300000012
0,0,0.999924665,7.53E-05,0.408499986,0.278566599,0.001032672,1,0.200000003
0,0,0.999990079,9.92E-06,0.334749997,-0.453875959,0.587235689,-6.87E-09,0.200000003
1,0,0.978047867,0.021952133,0.032999996,0.104871444,0.61268127,-6.87E-09,0.400000006
0,0,0.9999999,1.00E-07,0.158000007,0.471220732,0.187629595,1,0.899999976
0,0,0.983944287,0.016055713,-0.093249999,0.121758379,0.500272393,1,0.200000003
0,0,0.994489966,0.005510034,0.306499958,-0.110691823,0.041432582,-6.87E-09,0.200000003
0,0,0.996127966,0.003872034,0.028500002,0.339181244,0.000770352,-6.87E-09,0.300000012
0,0,0.993980294,0.006019706,4.36E-10,-7.35E-10,0.000942624,-6.87E-09,0.200000003
0,0,0.997341042,0.002658958,0.135749996,-0.405586988,0.002452171,-6.87E-09,0.400000006
0,0,0.993974161,0.006025839,0.170499995,-0.047840532,0.00270491,-6.87E-09,0.200000003
0,0,0.995842169,0.004157831,0.006250002,-0.359747022,1.57E-06,-6.87E-09,0.400000006
0,0,0.999706288,0.000293712,0.386000007,0.304101825,0.508023322,-6.87E-09,0.200000003
0,0,0.995685748,0.004314252,-0.310750008,-0.304737985,0.130003393,-6.87E-09,0.5
0,0,0.996021414,0.003978586,0.023499999,0.341760308,0.008285335,-6.87E-09,0.300000012
0,0,0.994148594,0.005851406,-0.098250002,0.004402521,0.120127663,-6.87E-09,0.600000024
0,0,0.999567167,0.000432833,0.421750009,-0.383112967,0.214589328,-6.87E-09,0.400000006
1,1,0.235134987,0.764865013,-0.008000001,0.117295586,0.368750513,1,0.600000024
0,0,0.995877459,0.004122541,-0.092500001,-0.183962271,0.163327008,1,0.699999988
0,0,0.998221189,0.001778811,0.214250013,-0.454261929,0.002694822,-6.87E-09,0.300000012
0,0,0.999956855,4.31E-05,-0.128000006,0.467829466,0.501769781,1,0.200000003
0,0,0.995860579,0.004139421,0.056749996,0.316220224,2.14E-08,-6.87E-09,0.300000012
1,1,0.129816413,0.870183587,0.111000001,0.09913794,0.54480654,1,0.5
0,0,0.999164175,0.000835825,0.11725001,-0.388521671,0.488135129,-6.87E-09,0.200000003
0,0,0.996681658,0.003318342,0.022750001,0.23250173,0.000620878,-6.87E-09,0.600000024
0,0,0.999919677,8.03E-05,0.351999998,-0.306966633,0.488212496,1,0.200000003
0,0,0.993688878,0.006311122,-0.011,0.269811332,0.20079717,-6.87E-09,0.5
0,0,0.986596357,0.013403643,-0.548749983,-0.01183232,0.0136668,1,0.400000006
0,0,0.99373584,0.00626416,-0.012500001,-0.275016338,0.031495266,-6.87E-09,0.400000006
0,0,0.999235498,0.000764502,-0.54974997,0.125084534,0.406292915,1,0.200000003
0,0,0.998058336,0.001941664,0.203500003,-0.413953483,0.022958701,-6.87E-09,0.200000003
0,0,0.999577336,0.000422664,-0.349999994,-0.450796962,0.000434435,-6.87E-09,0.200000003
0,0,0.999993872,6.13E-06,-0.567749977,0.178617999,0.687152028,-6.87E-09,0.200000003
0,0,0.999866554,0.000133446,-0.071000002,-0.456051379,0.561041176,-6.87E-09,0.200000003
0,0,0.997588934,0.002411066,0.118500009,-0.384375006,0.001085646,-6.87E-09,0.200000003
0,0,0.991694095,0.008305905,-0.196250007,-0.133713946,0.006947524,-6.87E-09,0.300000012
0,0,0.999876821,0.000123179,-0.562250018,0.183833122,0.009957931,-6.87E-09,0.200000003
0,0,0.999977179,2.28E-05,-0.206750005,-0.384615421,0.517016768,-6.87E-09,0.800000012
0,0,0.997158877,0.002841123,-0.182500005,-0.421262473,0.000282845,-6.87E-09,0.400000006
0,0,0.996892883,0.003107117,0.012499999,-0.189603359,0.213017762,-6.87E-09,0.699999988
1,1,0.259499043,0.740500957,-0.311749995,0.078655578,0.469288021,1,0.600000024
0,0,0.997672942,0.002327058,-0.109999999,0.006465516,0.01610147,-6.87E-09,0.699999988
0,1,0.768497706,0.231502294,0.023499999,-0.086477987,0.013079292,1,0.300000012
0,0,0.999608986,0.000391014,0.000749998,-0.381578952,0.039864965,-6.87E-09,0.699999988
0,0,0.994086146,0.005913854,0.030999999,-0.299687505,0.3312639,-6.87E-09,0.300000012
0,0,0.996478126,0.003521874,0.251249999,0.288461536,0.002350844,-6.87E-09,0.300000012
0,0,0.994402337,0.005597663,-0.359750003,-0.102713175,2.94E-05,-6.87E-09,0.300000012
0,0,0.997188071,0.002811929,0.392749995,0.026850507,0.154556513,-6.87E-09,0.200000003
0,0,0.994836215,0.005163785,0.135499999,-0.330564797,0.114489011,-6.87E-09,0.400000006
0,0,0.994396366,0.005603634,0.173749998,0.007440477,0.000201664,-6.87E-09,0.200000003
0,0,0.999985686,1.43E-05,0.364250004,-0.313261151,4.24E-05,1,0.200000003
0,0,0.99287605,0.00712395,0.151999995,-0.012022632,0.199713036,-6.87E-09,0.5
0,0,0.999250719,0.000749281,-0.552250028,-0.15618661,0.022351867,-6.87E-09,0.400000006
0,0,0.999385116,0.000614884,0.006250002,-0.38233459,0.107356526,-6.87E-09,0.699999988
0,0,0.997422757,0.002577243,0.075750001,0.396226406,0.165409997,-6.87E-09,0.600000024
0,0,0.996082514,0.003917486,0.02,0.22457625,0.030561781,-6.87E-09,0.600000024
0,0,0.999970651,2.93E-05,0.200499997,-0.0958279,0.933120966,1,0.300000012
0,0,0.994661885,0.005338115,-0.095999993,-0.094244152,0.667211592,-6.87E-09,0.300000012
0,0,0.999151078,0.000848922,-0.02125,0.511088014,0.00666616,-6.87E-09,0.200000003
0,1,0.819988396,0.180011604,0.102750003,-0.088011093,0.25008446,1,0.400000006
0,0,0.999998872,1.13E-06,0.044999998,-0.440310091,0.438866436,1,0.800000012
0,0,0.997268156,0.002731844,-0.254999995,-0.015592516,0.071784161,-6.87E-09,0.699999988
0,0,0.997345711,0.002654289,0.258249998,-0.040201005,0.50005281,-6.87E-09,0.200000003
0,0,0.994020244,0.005979756,4.36E-10,-7.35E-10,0.000655583,-6.87E-09,0.5
0,0,0.998980981,0.001019019,0.010249998,-0.375625014,0.225501642,-6.87E-09,0.699999988
0,0,0.9999999,1.00E-07,-0.095749997,-0.411598295,0.999992967,-6.87E-09,0.200000003
0,0,0.999990034,9.97E-06,-0.350499988,-0.202081844,0.432626516,-6.87E-09,0.899999976
0,0,0.999851611,0.000148389,0.31400001,-0.287414968,0.259240836,1,0.200000003
0,0,0.996895015,0.003104985,-0.435000002,0.246069178,0.199836344,-6.87E-09,0.5
0,0,0.999551378,0.000448622,0.124750003,-0.288288295,0.040431641,1,0.600000024
0,0,0.999517605,0.000482395,-0.243999988,0.456927508,0.504998565,-6.87E-09,0.200000003
0,0,0.991958637,0.008041363,0.00325,-0.180803567,0.128665283,-6.87E-09,0.400000006
1,1,0.259156652,0.740843348,-0.33375001,0.068080358,0.471147448,1,0.5
0,0,0.999520921,0.000479079,-0.444499999,-0.347222209,0.392452955,-6.87E-09,0.200000003
0,0,0.998130264,0.001869736,-0.289249986,0.462311566,0.336234182,-6.87E-09,0.300000012
1,1,0.340326823,0.659673177,-0.296499997,0.089375459,0.321997464,1,0.600000024
0,0,0.993938908,0.006061092,-0.103500001,0.002737227,0.001745946,-6.87E-09,0.5
0,0,0.999848898,0.000151102,0.026250001,-0.147836536,0.350822806,-6.87E-09,0.899999976
0,0,0.999736678,0.000263322,-0.56400001,-0.08384043,0.504638553,-6.87E-09,0.200000003
0,0,0.994432059,0.005567941,4.36E-10,-7.35E-10,0.48187682,-6.87E-09,0.200000003
0,0,0.992612528,0.007387472,-0.216999993,-0.001754385,0.000154204,-6.87E-09,0.300000012
0,0,0.9999999,1.00E-07,-0.24075,-0.33761844,0.665184438,-6.87E-09,0.899999976
0,0,0.996321864,0.003678136,0.00325,-0.38083452,7.07E-07,-6.87E-09,0.400000006
0,0,0.997051225,0.002948775,0.344249994,0.155877978,0.187936455,-6.87E-09,0.200000003
0,0,0.99953826,0.00046174,-0.50150001,-0.313599467,4.37E-05,-6.87E-09,0.200000003
0,0,0.995636262,0.004363738,-0.006749998,-0.374692112,0.075810082,-6.87E-09,0.400000006
0,0,0.993425265,0.006574735,4.36E-10,-7.35E-10,0.039987482,-6.87E-09,0.200000003
0,0,0.999870188,0.000129812,0.388249993,0.433168322,0.487642258,-6.87E-09,0.200000003
0,0,0.992202438,0.007797562,0.017749999,-0.035644211,0.001519821,-6.87E-09,0.300000012
0,0,0.993056162,0.006943838,0.124500006,-0.256765902,0.265470952,-6.87E-09,0.400000006
0,0,0.998399703,0.001600297,0.304250002,0.183720917,0.502178669,-6.87E-09,0.200000003
0,1,0.184010564,0.815989436,-0.122749999,0.219933555,0.399771422,1,0.5
0,0,0.9999999,1.00E-07,-0.240999997,-0.429595828,0.998086095,-6.87E-09,0.200000003
0,1,0.441998934,0.558001066,0.206,-0.003654484,0.301211774,1,0.5
0,0,0.983352041,0.016647959,0.050249998,-0.111478366,0.696184576,-6.87E-09,0.600000024
0,0,0.995797258,0.004202742,0.063749999,-0.309495181,0.584211111,-6.87E-09,0.5
0,1,0.638246951,0.361753049,-0.092749998,0.147375092,0.338696063,1,0.300000012
0,0,0.9999999,1.00E-07,0.359750003,-0.47076413,0.712848365,1,0.200000003
0,1,0.839316131,0.160683869,0.146500006,0.003380663,0.062958844,1,0.5
0,0,0.998627322,0.001372678,0.125,-0.443646818,0.007117561,-6.87E-09,0.200000003
0,0,0.993808316,0.006191684,0.147750005,-0.27926749,0.131013766,-6.87E-09,0.400000006
0,0,0.993709073,0.006290927,0.032749999,-0.119225964,0.366017997,-6.87E-09,0.200000003
0,1,0.744752418,0.255247582,-0.101499997,0.273054272,0.191282824,1,0.600000024
0,1,0.79344707,0.20655293,-0.094499998,0.273877263,0.167430177,1,0.600000024
0,0,0.996894356,0.003105644,0.069750004,-0.311173528,0.687901616,-6.87E-09,0.5
0,0,0.999967404,3.26E-05,0.006499999,0.345983565,0.022552898,1,0.699999988
0,0,0.999356381,0.000643619,0.41624999,0.363754898,0.000647045,-6.87E-09,0.200000003
0,0,0.999879742,0.000120258,-0.547749996,0.257796258,0.033312462,-6.87E-09,0.200000003
0,0,0.993886565,0.006113435,4.36E-10,-7.35E-10,0.008693359,-6.87E-09,0.5
0,0,0.99244934,0.00755066,-0.128999993,0.013954869,0.000133983,-6.87E-09,0.300000012
0,0,0.999798312,0.000201688,-0.03125,0.335206002,0.066993929,1,0.699999988
0,0,0.991820825,0.008179175,-0.208000004,-0.001562499,0.069751538,-6.87E-09,0.300000012
0,0,0.9999818,1.82E-05,0.425500005,-0.132211536,0.88682878,-6.87E-09,0.300000012
0,0,0.996215696,0.003784304,0.018999998,-0.374239355,1.61E-05,-6.87E-09,0.400000006
0,0,0.992377346,0.007622654,0.050999995,-0.191194579,0.002678177,-6.87E-09,0.300000012
0,0,0.992618434,0.007381566,0.086250007,0.001572329,0.0007525,-6.87E-09,0.300000012
0,0,0.997653898,0.002346102,0.114500001,-0.403206646,0.093401276,-6.87E-09,0.200000003
0,1,0.74076406,0.25923594,0.064999998,-7.35E-10,0.037635826,1,0.300000012
0,0,0.999997764,2.24E-06,0.197500005,-0.089587562,0.998726308,1,0.300000012
0,0,0.99782945,0.00217055,-0.130999997,-0.016943522,0.637131631,-6.87E-09,0.200000003
0,0,0.992464116,0.007535884,0.094750002,-0.103174604,0.207655177,-6.87E-09,0.5
0,0,0.999497021,0.000502979,-0.181250006,-0.307256222,0.578047216,-6.87E-09,0.200000003
0,0,0.993900335,0.006099665,4.36E-10,-7.35E-10,0.007849327,-6.87E-09,0.5
1,1,0.340683368,0.659316632,0.111000001,0.094050489,0.253067434,1,0.5
0,0,0.992755744,0.007244256,-0.550000012,-0.061528061,0.011381841,1,0.200000003
0,0,0.959919414,0.040080586,0.029999997,0.334598362,0.000166721,1,0.200000003
0,0,0.999434134,0.000565866,0.290250003,-0.369655579,0.435283154,-6.87E-09,0.200000003
0,0,0.995530255,0.004469745,0.088750005,-0.307500005,0.117638759,-6.87E-09,0.5
0,0,0.999495286,0.000504714,-0.55675,-0.018904824,0.00082565,-6.87E-09,0.300000012
0,0,0.999749018,0.000250982,-0.564249992,0.000325944,0.502466619,1,0.200000003
0,0,0.992471584,0.007528416,-0.084749997,-0.101840854,0.172486573,-6.87E-09,0.200000003
0,0,0.999601479,0.000398521,0.265249997,-0.078607321,0.946250558,-6.87E-09,0.200000003
0,0,0.997295256,0.002704744,0.390249997,0.407355011,0.557334065,1,0.300000012
0,0,0.999998356,1.64E-06,0.387499988,-0.484385371,0.482330918,1,0.200000003
0,0,0.939919157,0.060080843,-0.0145,-0.176587299,0.060089596,1,0.5
0,0,0.992828834,0.007171166,0.061999995,0.000316254,0.000170819,-6.87E-09,0.400000006
0,0,0.993384028,0.006615972,-0.116750002,0.099330358,0.004672713,-6.87E-09,0.300000012
0,0,0.984553827,0.015446173,-0.551999986,0.175118327,0.015708527,1,0.300000012
0,0,0.996581904,0.003418096,-0.42475,0.223492727,0.190805957,-6.87E-09,0.5
0,0,0.998908933,0.001091067,0.044750001,0.479712903,0.000851235,-6.87E-09,0.200000003
0,0,0.999242412,0.000757588,-0.00575,-0.382985413,0.146240577,-6.87E-09,0.699999988
0,0,0.995586885,0.004413115,-0.107500002,-0.010516827,0.501301169,-6.87E-09,0.200000003
0,0,0.999964852,3.51E-05,-0.318749994,-0.442480952,0.17088218,1,0.600000024
0,0,0.999678962,0.000321038,0.299250007,-0.270975053,0.006728224,1,0.300000012
0,0,0.994031396,0.005968604,4.36E-10,-7.35E-10,6.50E-09,-6.87E-09,0.5
1,1,0.340655869,0.659344131,-0.005249999,0.107500009,0.481948972,1,0.400000006
0,0,0.993048257,0.006951743,-0.013250001,0.270624995,0.404836953,-6.87E-09,0.400000006
0,0,0.999781596,0.000218404,-0.463750005,-0.395332396,0.000740877,1,0.400000006
0,0,0.999906027,9.40E-05,0.151500002,0.469767451,0.002775214,1,0.5
0,0,0.999045008,0.000954992,0.256249994,-0.281782955,0.501262546,-6.87E-09,0.200000003
0,0,0.999072253,0.000927747,0.201499999,-0.291058391,0.549253464,-6.87E-09,0.200000003
0,0,0.992825259,0.007174741,0.061500002,0.000628933,0.000409416,-6.87E-09,0.400000006
0,0,0.993812874,0.006187126,0.145750001,-0.287792534,0.250428468,-6.87E-09,0.400000006
0,0,0.894584256,0.105415744,0.152500004,-0.000393082,0.01981861,1,0.5
0,0,0.998929956,0.001070044,0.304749995,-0.295632333,0.468619585,-6.87E-09,0.300000012
0,0,0.998813543,0.001186457,0.334250003,-0.258786857,0.427582055,-6.87E-09,0.400000006
0,0,0.999453158,0.000546842,0.38075,0.435767412,1.19E-05,-6.87E-09,0.200000003
0,0,0.992730224,0.007269776,-0.555750012,0.122555397,0.02699857,1,0.200000003
0,0,0.998058319,0.001941681,-0.42899999,-0.391198903,0.247867793,-6.87E-09,0.400000006
0,0,0.993699437,0.006300563,-0.0185,0.270377129,0.21770069,-6.87E-09,0.5
0,0,0.997301241,0.002698759,-0.118000001,-0.20552884,0.496896893,-6.87E-09,0.200000003
0,0,0.998363258,0.001636742,0.127749994,-0.295906425,0.512892962,-6.87E-09,0.200000003
0,0,0.99914479,0.00085521,-0.03325,0.6484375,0.193102464,-6.87E-09,0.5
0,0,0.987949522,0.012050478,-0.551249981,-0.001690333,0.002050585,1,0.200000003
0,0,0.998573352,0.001426648,-0.07,-0.449757457,0.333197922,-6.87E-09,0.600000024
0,0,0.992050542,0.007949458,0.045499999,-0.092662871,6.77E-07,-6.87E-09,0.300000012
0,0,0.998929968,0.001070032,0.100000009,0.498418748,0.498201638,-6.87E-09,0.200000003
0,0,0.996014397,0.003985603,0.36225,-0.214471966,0.03790421,-6.87E-09,0.200000003
0,0,0.999981508,1.85E-05,-0.525749981,-0.414728671,0.499994487,-6.87E-09,0.200000003
0,0,0.933997227,0.066002773,-0.102250002,0.297505945,0.08582785,1,0.600000024
0,0,0.997874988,0.002125012,-0.410750002,-0.394185275,0.194788203,-6.87E-09,0.400000006
0,0,0.997031298,0.002968702,-0.133000001,-0.18990384,0.505419612,1,0.200000003
0,0,0.999530686,0.000469314,-0.458999991,-0.436704397,0.018543994,-6.87E-09,0.300000012
0,0,0.997523374,0.002476626,-0.011500001,-0.264546692,0.489880174,-6.87E-09,0.200000003
0,0,0.996016758,0.003983242,-0.0495,0.526927412,0.992964685,-6.87E-09,0.200000003
0,0,0.992033507,0.007966493,0.00925,-0.183908045,0.11786972,-6.87E-09,0.400000006
0,0,0.99999225,7.75E-06,-0.266000003,-0.368217051,0.572732568,-6.87E-09,0.800000012
1,1,0.199921134,0.800078866,0.078000002,0.085658915,0.668066919,1,0.5
0,0,0.998765174,0.001234826,-0.493250012,-0.181400284,0.009647242,-6.87E-09,0.200000003
0,0,0.995398465,0.004601535,-0.001749999,-0.377704322,0.133607894,-6.87E-09,0.400000006
0,0,0.992728175,0.007271825,-0.095749997,0.444364667,0.770107031,-6.87E-09,0.300000012
0,0,0.998476729,0.001523271,-0.129749998,0.496521175,0.125931442,-6.87E-09,0.200000003
0,0,0.994166592,0.005833408,0.023499999,0.206821486,3.96E-06,-6.87E-09,0.400000006
1,1,0.326960729,0.673039271,-0.301250011,0.093798451,0.242858216,1,0.400000006
0,0,0.993845907,0.006154093,0.1505,-0.004397835,0.055245064,-6.87E-09,0.5
0,0,0.995148425,0.004851575,-0.109750003,-0.372549027,0.258920461,-6.87E-09,0.400000006
0,0,0.999379912,0.000620088,-0.499749988,-0.335250348,0.006973884,1,0.200000003
0,0,0.997277435,0.002722565,-0.433999985,-0.014150945,2.12E-05,-6.87E-09,0.400000006
0,0,0.995693584,0.004306416,0.202749997,-0.288832188,0.000973335,-6.87E-09,0.200000003
0,0,0.99425446,0.00574554,-0.093000002,0.130297273,0.350098252,-6.87E-09,0.200000003
0,0,0.99966854,0.00033146,-0.569500029,-0.048239894,0.00294078,-6.87E-09,0.200000003
0,0,0.998403782,0.001596218,0.139750004,-0.444573641,0.458484799,-6.87E-09,0.400000006
0,0,0.999773829,0.000226171,-0.556249976,0.164602354,0.035943575,-6.87E-09,0.200000003
0,0,0.999641563,0.000358437,-0.565750003,-0.149282917,0.00221788,-6.87E-09,0.200000003
0,0,0.993950214,0.006049786,0.025000002,0.002604171,0.007096059,-6.87E-09,0.200000003
0,0,0.998722324,0.001277676,-0.123499997,-0.433168322,0.049717031,-6.87E-09,0.200000003
0,0,0.960696147,0.039303853,-0.112750001,0.078869045,0.406858951,1,0.200000003
0,1,0.889148112,0.110851888,-0.351500005,0.34713167,0.014479301,1,0.200000003
0,0,0.998551608,0.001448392,0.273250014,0.321249992,0.495651633,-6.87E-09,0.200000003
0,0,0.998730025,0.001269975,0.127250001,0.46206671,0.005131713,-6.87E-09,0.200000003
0,0,0.996733463,0.003266537,-0.332749993,-0.319968551,0.04453028,-6.87E-09,0.5
0,0,0.999575045,0.000424955,0.140249997,0.347457588,2.14E-08,1,0.600000024
0,0,0.998325854,0.001674146,0.163499996,-0.483056456,0.298841625,-6.87E-09,0.400000006
0,0,0.994936548,0.005063452,0.087750003,0.282656014,0.051077329,-6.87E-09,0.5
0,0,0.996691441,0.003308559,0.027749997,0.238159671,0.003179497,-6.87E-09,0.600000024
0,0,0.994962466,0.005037534,0.143749997,-0.268707484,0.51765579,-6.87E-09,0.5
0,0,0.996086813,0.003913187,-0.047499999,-0.411240309,0.178387985,-6.87E-09,0.400000006
0,0,0.999071102,0.000928898,0.235499993,0.475581408,0.000247396,-6.87E-09,0.200000003
0,0,0.999861998,0.000138002,0.385500014,0.461103261,0.432619423,-6.87E-09,0.200000003
0,0,0.996365726,0.003634274,0.079750001,-0.293350726,0.106427036,1,0.5
0,0,0.997125572,0.002874428,0.268000007,-0.330232561,0.242457196,-6.87E-09,0.200000003
0,0,0.999590607,0.000409393,0.236750022,-0.451162785,0.419185728,-6.87E-09,0.200000003
0,0,0.999947936,5.21E-05,0.003750001,-0.387165457,0.223861426,1,0.699999988
0,0,0.999482994,0.000517006,-0.095749997,-0.43089962,0.281189173,1,0.5
0,0,0.99999,1.00E-05,-0.557250023,0.399594307,0.000210143,-6.87E-09,0.200000003
0,0,0.996529376,0.003470624,-0.257250011,-0.022321429,0.189317197,-6.87E-09,0.699999988
0,0,0.9999999,1.00E-07,-0.093999997,-0.444895208,0.993728161,-6.87E-09,0.200000003
0,0,0.995984565,0.004015435,0.010249998,-0.365384609,2.17E-06,-6.87E-09,0.400000006
0,0,0.99998684,1.32E-05,-0.421750009,-0.108399138,0.748298049,-6.87E-09,0.200000003
0,0,0.998772685,0.001227315,0.086999997,0.462720722,3.34E-07,-6.87E-09,0.200000003
0,0,0.998505297,0.001494703,-0.33950001,-0.423728824,0.302781552,-6.87E-09,0.300000012
1,1,0.154313991,0.845686009,-0.022000002,0.120994113,0.561470091,1,0.5
0,0,0.997653955,0.002346045,0.0035,-0.441655815,0.003491319,-6.87E-09,0.300000012
0,0,0.998536086,0.001463914,0.139249995,0.058407739,0.545304835,-6.87E-09,0.800000012
